{"stats":{"minecraft:killed":{"minecraft:spider":5,"minecraft:skeleton":11,"minecraft:pig":12,"minecraft:iron_golem":1,"minecraft:squid":1,"minecraft:sheep":19,"minecraft:pillager":1,"minecraft:zombie":26,"minecraft:cow":11},"minecraft:mined":{"minecraft:dark_oak_planks":1,"biomesoplenty:orange_autumn_leaves":3,"minecraft:tuff":13,"minecraft:deepslate_diamond_ore":14,"minecraft:dark_oak_log":5,"minecraft:grass_block":6,"minecraft:brown_wool":1,"minecraft:light_gray_bed":8,"minecraft:oxeye_daisy":1,"biomesoplenty:jacaranda_log":5,"biomesoplenty:tall_lavender":1,"minecraft:furnace":2,"biomesoplenty:toadstool":1,"minecraft:iron_ore":11,"minecraft:fire":6,"biomesoplenty:lavender":1,"minecraft:deepslate_lapis_ore":1,"minecraft:azure_bluet":1,"tconstruct:earth_slime_leaves":5,"minecraft:deepslate_iron_ore":13,"minecraft:iron_bars":3,"minecraft:pink_tulip":1,"minecraft:white_tulip":2,"minecraft:stone":38,"biomesoplenty:jacaranda_leaves":37,"minecraft:smoker":4,"minecraft:powder_snow":73,"minecraft:crafting_table":10,"minecraft:torch":3,"minecraft:blast_furnace":2,"biomesoplenty:fir_planks":10,"tconstruct:greenheart_log":4,"minecraft:chest":1,"minecraft:deepslate_gold_ore":3,"minecraft:sugar_cane":5,"minecraft:wall_torch":4,"biomesoplenty:stripped_umbran_log":1,"minecraft:ice":12,"minecraft:lilac":1,"biomesoplenty:umbran_log":2,"minecraft:black_bed":2,"biomesoplenty:fir_log":121,"minecraft:wither_rose":8,"minecraft:grass":7,"minecraft:coal_ore":42,"minecraft:oak_log":31,"biomesoplenty:fir_leaves":6,"minecraft:dirt":14,"minecraft:emerald_block":8,"minecraft:oak_leaves":10,"minecraft:deepslate":63},"minecraft:custom":{"minecraft:mob_kills":88,"minecraft:animals_bred":1,"minecraft:interact_with_crafting_table":37,"minecraft:leave_game":2,"minecraft:time_since_death":10227,"minecraft:sprint_one_cm":462117,"minecraft:walk_one_cm":305328,"minecraft:damage_blocked_by_shield":2800,"minecraft:drop":81,"minecraft:play_time":171519,"minecraft:deaths":10,"minecraft:sneak_time":10150,"minecraft:walk_under_water_one_cm":18404,"minecraft:boat_one_cm":216211,"minecraft:jump":3122,"minecraft:walk_on_water_one_cm":32851,"minecraft:total_world_time":171519,"minecraft:interact_with_furnace":9,"minecraft:sleep_in_bed":8,"minecraft:time_since_rest":10259,"minecraft:damage_taken":4960,"minecraft:damage_dealt":13466,"minecraft:swim_one_cm":128035,"minecraft:fly_one_cm":618924,"minecraft:open_chest":49,"minecraft:crouch_one_cm":22286,"minecraft:interact_with_smoker":20,"minecraft:fall_one_cm":89398},"minecraft:broken":{"minecraft:stone_axe":1},"minecraft:dropped":{"minecraft:wheat_seeds":3,"minecraft:cooked_beef":3,"minecraft:oak_log":1,"minecraft:crafting_table":1,"minecraft:cooked_porkchop":2,"biomesoplenty:lavender":1,"minecraft:coal":6,"minecraft:oxeye_daisy":2,"minecraft:dirt":24,"minecraft:gray_wool":1,"minecraft:dark_oak_log":5,"minecraft:torch":14,"minecraft:brown_wool":1,"minecraft:iron_pickaxe":1,"minecraft:dark_oak_planks":1,"minecraft:bone":10,"biomesoplenty:toadstool":2,"minecraft:furnace":2,"minecraft:cobbled_deepslate":7,"minecraft:tuff":5,"minecraft:pink_dye":1,"minecraft:rotten_flesh":37,"minecraft:light_gray_wool":1,"minecraft:oak_planks":1,"minecraft:cooked_mutton":5,"minecraft:azure_bluet":2,"minecraft:poppy":3,"biomesoplenty:umbran_log":1,"minecraft:shield":1,"biomesoplenty:fir_planks":33,"minecraft:andesite":2,"minecraft:oak_sapling":9,"tconstruct:earth_slime_sapling":1,"minecraft:oak_boat":1,"minecraft:slime_ball":1,"minecraft:iron_bars":3,"minecraft:bow":1,"minecraft:wooden_pickaxe":2,"minecraft:black_wool":1},"minecraft:killed_by":{"minecraft:drowned":6},"minecraft:used":{"minecraft:chest":2,"minecraft:shield":69,"minecraft:iron_chestplate":1,"minecraft:torch":93,"minecraft:dirt":8,"minecraft:tuff":8,"biomesoplenty:tall_lavender":1,"minecraft:iron_boots":1,"minecraft:bow":2,"minecraft:furnace":2,"minecraft:egg":5,"minecraft:cooked_beef":11,"minecraft:cobbled_deepslate":19,"minecraft:light_gray_bed":9,"minecraft:cooked_mutton":14,"minecraft:water_bucket":1,"minecraft:stone_pickaxe":185,"minecraft:wooden_pickaxe":6,"biomesoplenty:fir_planks":44,"biomesoplenty:fir_boat":4,"minecraft:crafting_table":12,"minecraft:black_bed":2,"minecraft:smoker":4,"minecraft:apple":3,"minecraft:bread":5,"minecraft:brown_wool":1,"minecraft:string":1,"minecraft:iron_pickaxe":40,"minecraft:stone_axe":352,"minecraft:cobblestone":1,"minecraft:cooked_porkchop":6,"minecraft:bucket":2,"biomesoplenty:umbran_boat":1,"minecraft:oak_boat":1,"biomesoplenty:fir_log":23},"minecraft:crafted":{"minecraft:black_dye":2,"minecraft:oak_planks":24,"minecraft:furnace":4,"minecraft:light_gray_wool":2,"minecraft:pink_dye":1,"minecraft:cooked_mutton":16,"minecraft:stone_pickaxe":2,"minecraft:chest":1,"minecraft:black_wool":2,"minecraft:smoker":2,"minecraft:cooked_beef":24,"biomesoplenty:umbran_planks":8,"biomesoplenty:fir_boat":1,"biomesoplenty:jacaranda_planks":20,"minecraft:cooked_porkchop":8,"minecraft:crafting_table":3,"minecraft:wooden_pickaxe":2,"minecraft:bucket":1,"minecraft:stone_axe":7,"minecraft:air":0,"minecraft:light_gray_bed":1,"biomesoplenty:fir_planks":192,"minecraft:oak_boat":1,"minecraft:iron_chestplate":1,"minecraft:shield":2,"biomesoplenty:umbran_boat":1,"minecraft:stick":48,"minecraft:iron_ingot":12,"minecraft:iron_pickaxe":2,"minecraft:black_bed":1,"minecraft:light_gray_dye":2,"minecraft:torch":92},"minecraft:picked_up":{"minecraft:iron_chestplate":1,"minecraft:crafting_table":10,"minecraft:azure_bluet":2,"tconstruct:materials_and_you":3,"minecraft:wooden_pickaxe":1,"minecraft:wither_rose":32,"biomesoplenty:jacaranda_sapling":2,"minecraft:shield":3,"minecraft:string":1,"biomesoplenty:tall_lavender":1,"minecraft:cobbled_deepslate":87,"biomesoplenty:fir_planks":13,"minecraft:beef":24,"minecraft:white_tulip":2,"minecraft:oak_boat":1,"minecraft:poppy":3,"minecraft:iron_pickaxe":5,"minecraft:light_gray_wool":2,"minecraft:sugar_cane":22,"minecraft:chest":1,"minecraft:egg":5,"minecraft:furnace":3,"minecraft:raw_iron":40,"minecraft:stick":7,"minecraft:copper_ingot":1,"minecraft:torch":17,"minecraft:porkchop":84,"tconstruct:ichor_slime_ball":4,"minecraft:carrot":2,"minecraft:dark_oak_planks":1,"minecraft:arrow":28,"minecraft:light_gray_bed":8,"minecraft:rotten_flesh":54,"biomesoplenty:jacaranda_log":5,"minecraft:pink_tulip":1,"tconstruct:earth_slime_sapling":3,"minecraft:mutton":49,"minecraft:iron_bars":3,"minecraft:white_wool":59,"minecraft:cobblestone":83,"minecraft:oxeye_daisy":2,"biomesoplenty:lavender":1,"minecraft:cooked_beef":6,"minecraft:salmon":2,"tconstruct:greenheart_log":4,"minecraft:andesite":2,"minecraft:brown_wool":2,"minecraft:black_bed":1,"minecraft:leather":26,"minecraft:smoker":5,"biomesoplenty:fir_log":153,"minecraft:tuff":18,"minecraft:oak_log":28,"minecraft:lapis_lazuli":9,"minecraft:dirt":32,"minecraft:cooked_mutton":3,"minecraft:bone":25,"minecraft:apple":42,"minecraft:bow":2,"minecraft:wheat_seeds":3,"biomesoplenty:fir_boat":4,"minecraft:raw_gold":6,"biomesoplenty:stripped_umbran_log":1,"minecraft:iron_ingot":9,"biomesoplenty:umbran_log":2,"minecraft:oak_planks":1,"biomesoplenty:toadstool":2,"minecraft:emerald_block":8,"minecraft:blast_furnace":2,"minecraft:ink_sac":2,"minecraft:dark_oak_log":5,"minecraft:slime_ball":1,"minecraft:diamond":42,"minecraft:stone_axe":4,"minecraft:gray_wool":1,"minecraft:oak_sapling":18,"minecraft:black_wool":2,"minecraft:coal":121}},"DataVersion":3120}