{"stats":{"minecraft:killed":{"minecraft:pig":12,"minecraft:squid":1,"minecraft:skeleton":1,"minecraft:sheep":19,"minecraft:cow":11},"minecraft:mined":{"biomesoplenty:orange_autumn_leaves":3,"biomesoplenty:jacaranda_leaves":37,"minecraft:deepslate_diamond_ore":8,"minecraft:smoker":2,"minecraft:dark_oak_log":5,"minecraft:crafting_table":9,"minecraft:grass_block":2,"minecraft:brown_wool":1,"minecraft:light_gray_bed":7,"minecraft:deepslate_gold_ore":3,"minecraft:sugar_cane":5,"minecraft:oxeye_daisy":1,"biomesoplenty:jacaranda_log":5,"biomesoplenty:tall_lavender":1,"minecraft:furnace":1,"biomesoplenty:toadstool":1,"minecraft:fire":3,"minecraft:iron_ore":5,"biomesoplenty:lavender":1,"minecraft:lilac":1,"minecraft:black_bed":2,"biomesoplenty:fir_log":121,"minecraft:azure_bluet":1,"minecraft:grass":2,"minecraft:oak_log":31,"minecraft:coal_ore":38,"minecraft:deepslate_iron_ore":4,"biomesoplenty:fir_leaves":6,"minecraft:dirt":4,"minecraft:pink_tulip":1,"minecraft:deepslate":16,"minecraft:stone":28,"minecraft:white_tulip":2,"minecraft:oak_leaves":10},"minecraft:custom":{"minecraft:interact_with_furnace":6,"minecraft:mob_kills":46,"minecraft:interact_with_crafting_table":18,"minecraft:leave_game":2,"minecraft:time_since_death":81519,"minecraft:sleep_in_bed":6,"minecraft:time_since_rest":17969,"minecraft:damage_blocked_by_shield":445,"minecraft:sprint_one_cm":204114,"minecraft:damage_taken":546,"minecraft:walk_one_cm":142791,"minecraft:drop":25,"minecraft:damage_dealt":5114,"minecraft:swim_one_cm":9169,"minecraft:fly_one_cm":230483,"minecraft:open_chest":5,"minecraft:crouch_one_cm":11341,"minecraft:play_time":81519,"minecraft:sneak_time":5017,"minecraft:walk_under_water_one_cm":1962,"minecraft:boat_one_cm":149665,"minecraft:jump":1254,"minecraft:walk_on_water_one_cm":3893,"minecraft:interact_with_smoker":10,"minecraft:total_world_time":81519,"minecraft:fall_one_cm":34928},"minecraft:broken":{"minecraft:stone_axe":1},"minecraft:dropped":{"biomesoplenty:toadstool":2,"minecraft:furnace":2,"minecraft:wheat_seeds":2,"minecraft:cobbled_deepslate":4,"minecraft:oak_log":1,"minecraft:crafting_table":1,"minecraft:cooked_porkchop":2,"minecraft:pink_dye":1,"biomesoplenty:lavender":1,"minecraft:rotten_flesh":4,"minecraft:oak_planks":1,"minecraft:light_gray_wool":1,"minecraft:azure_bluet":2,"minecraft:poppy":2,"minecraft:oxeye_daisy":2,"minecraft:gray_wool":1,"minecraft:shield":1,"minecraft:dark_oak_log":5,"minecraft:brown_wool":1,"minecraft:bone":1,"minecraft:black_wool":1},"minecraft:used":{"minecraft:stone_pickaxe":89,"minecraft:shield":5,"minecraft:wooden_pickaxe":3,"biomesoplenty:fir_planks":9,"minecraft:torch":23,"minecraft:dirt":6,"minecraft:crafting_table":8,"minecraft:black_bed":2,"minecraft:smoker":2,"biomesoplenty:tall_lavender":1,"minecraft:brown_wool":1,"minecraft:iron_pickaxe":15,"minecraft:stone_axe":226,"minecraft:furnace":1,"minecraft:cooked_porkchop":6,"minecraft:cobbled_deepslate":4,"minecraft:egg":5,"minecraft:cooked_beef":4,"biomesoplenty:fir_log":23,"minecraft:light_gray_bed":8},"minecraft:crafted":{"minecraft:cooked_beef":24,"minecraft:black_dye":2,"minecraft:oak_planks":24,"minecraft:cooked_porkchop":8,"minecraft:crafting_table":1,"minecraft:wooden_pickaxe":1,"minecraft:furnace":3,"minecraft:light_gray_wool":2,"minecraft:bucket":1,"minecraft:stone_axe":4,"minecraft:pink_dye":1,"minecraft:air":0,"biomesoplenty:fir_planks":104,"minecraft:light_gray_bed":1,"minecraft:oak_boat":1,"minecraft:shield":2,"minecraft:stick":16,"minecraft:iron_ingot":8,"minecraft:iron_pickaxe":1,"minecraft:stone_pickaxe":1,"minecraft:black_bed":1,"minecraft:light_gray_dye":2,"minecraft:torch":36,"minecraft:black_wool":2,"minecraft:smoker":1},"minecraft:picked_up":{"biomesoplenty:lavender":1,"minecraft:crafting_table":9,"minecraft:azure_bluet":2,"minecraft:leather":13,"minecraft:black_bed":1,"minecraft:brown_wool":2,"minecraft:smoker":2,"biomesoplenty:fir_log":113,"biomesoplenty:jacaranda_sapling":1,"minecraft:oak_log":28,"minecraft:dirt":6,"biomesoplenty:tall_lavender":1,"minecraft:bone":1,"minecraft:apple":2,"minecraft:wheat_seeds":2,"minecraft:cobbled_deepslate":23,"minecraft:raw_gold":3,"minecraft:iron_ingot":5,"minecraft:beef":24,"minecraft:white_tulip":2,"minecraft:poppy":2,"minecraft:light_gray_wool":2,"minecraft:sugar_cane":11,"minecraft:oak_planks":1,"minecraft:furnace":2,"minecraft:egg":5,"biomesoplenty:toadstool":2,"minecraft:stick":5,"minecraft:raw_iron":9,"minecraft:porkchop":22,"minecraft:ink_sac":2,"minecraft:dark_oak_log":5,"minecraft:rotten_flesh":4,"minecraft:light_gray_bed":7,"biomesoplenty:jacaranda_log":5,"minecraft:diamond":8,"minecraft:pink_tulip":1,"minecraft:gray_wool":1,"minecraft:oak_sapling":9,"minecraft:black_wool":2,"minecraft:mutton":31,"minecraft:coal":104,"minecraft:cobblestone":28,"minecraft:white_wool":15,"minecraft:oxeye_daisy":2}},"DataVersion":3120}