{"stats":{"minecraft:killed":{"minecraft:spider":4,"minecraft:skeleton":11,"minecraft:pig":12,"minecraft:squid":1,"minecraft:sheep":19,"minecraft:zombie":26,"minecraft:cow":11},"minecraft:mined":{"biomesoplenty:orange_autumn_leaves":3,"minecraft:tuff":13,"minecraft:deepslate_diamond_ore":14,"minecraft:dark_oak_log":5,"minecraft:grass_block":6,"minecraft:brown_wool":1,"minecraft:light_gray_bed":8,"minecraft:oxeye_daisy":1,"biomesoplenty:jacaranda_log":5,"biomesoplenty:tall_lavender":1,"minecraft:furnace":2,"biomesoplenty:toadstool":1,"minecraft:iron_ore":11,"minecraft:fire":6,"biomesoplenty:lavender":1,"minecraft:deepslate_lapis_ore":1,"minecraft:azure_bluet":1,"minecraft:deepslate_iron_ore":13,"minecraft:pink_tulip":1,"minecraft:white_tulip":2,"minecraft:stone":38,"biomesoplenty:jacaranda_leaves":37,"minecraft:smoker":3,"minecraft:crafting_table":10,"minecraft:torch":3,"biomesoplenty:fir_planks":10,"minecraft:chest":1,"minecraft:deepslate_gold_ore":3,"minecraft:sugar_cane":5,"minecraft:wall_torch":4,"minecraft:lilac":1,"biomesoplenty:umbran_log":1,"minecraft:black_bed":2,"biomesoplenty:fir_log":121,"minecraft:wither_rose":7,"minecraft:grass":6,"minecraft:coal_ore":42,"minecraft:oak_log":31,"biomesoplenty:fir_leaves":6,"minecraft:dirt":14,"minecraft:oak_leaves":10,"minecraft:deepslate":63},"minecraft:custom":{"minecraft:mob_kills":85,"minecraft:animals_bred":1,"minecraft:interact_with_crafting_table":33,"minecraft:leave_game":2,"minecraft:time_since_death":39568,"minecraft:sprint_one_cm":402575,"minecraft:walk_one_cm":270797,"minecraft:damage_blocked_by_shield":2520,"minecraft:drop":67,"minecraft:play_time":141519,"minecraft:deaths":1,"minecraft:sneak_time":8636,"minecraft:walk_under_water_one_cm":7450,"minecraft:boat_one_cm":161194,"minecraft:jump":2652,"minecraft:walk_on_water_one_cm":27716,"minecraft:total_world_time":141519,"minecraft:interact_with_furnace":9,"minecraft:sleep_in_bed":7,"minecraft:time_since_rest":20758,"minecraft:damage_taken":2296,"minecraft:damage_dealt":12105,"minecraft:swim_one_cm":24308,"minecraft:fly_one_cm":498384,"minecraft:open_chest":27,"minecraft:crouch_one_cm":19339,"minecraft:interact_with_smoker":20,"minecraft:fall_one_cm":76256},"minecraft:broken":{"minecraft:stone_axe":1},"minecraft:dropped":{"minecraft:wheat_seeds":3,"minecraft:cooked_beef":3,"minecraft:oak_log":1,"minecraft:crafting_table":1,"minecraft:cooked_porkchop":2,"biomesoplenty:lavender":1,"minecraft:coal":6,"minecraft:oxeye_daisy":2,"minecraft:gray_wool":1,"minecraft:dark_oak_log":5,"minecraft:torch":14,"minecraft:brown_wool":1,"minecraft:bone":1,"biomesoplenty:toadstool":2,"minecraft:furnace":2,"minecraft:cobbled_deepslate":7,"minecraft:pink_dye":1,"minecraft:rotten_flesh":35,"minecraft:light_gray_wool":1,"minecraft:oak_planks":1,"minecraft:cooked_mutton":5,"minecraft:azure_bluet":2,"minecraft:poppy":2,"biomesoplenty:umbran_log":1,"minecraft:shield":1,"biomesoplenty:fir_planks":33,"minecraft:oak_boat":1,"minecraft:bow":1,"minecraft:wooden_pickaxe":1,"minecraft:black_wool":1},"minecraft:used":{"minecraft:chest":1,"minecraft:shield":62,"minecraft:iron_chestplate":1,"minecraft:torch":93,"minecraft:dirt":8,"minecraft:tuff":8,"biomesoplenty:tall_lavender":1,"minecraft:iron_boots":1,"minecraft:bow":2,"minecraft:furnace":2,"minecraft:egg":5,"minecraft:cooked_beef":11,"minecraft:cobbled_deepslate":4,"minecraft:light_gray_bed":8,"minecraft:cooked_mutton":10,"minecraft:water_bucket":1,"minecraft:stone_pickaxe":178,"minecraft:wooden_pickaxe":6,"biomesoplenty:fir_planks":25,"minecraft:crafting_table":11,"minecraft:black_bed":2,"minecraft:smoker":3,"minecraft:bread":5,"minecraft:brown_wool":1,"minecraft:string":1,"minecraft:iron_pickaxe":24,"minecraft:stone_axe":329,"minecraft:cobblestone":1,"minecraft:cooked_porkchop":6,"minecraft:bucket":2,"minecraft:oak_boat":1,"biomesoplenty:fir_log":23},"minecraft:crafted":{"minecraft:black_dye":2,"minecraft:oak_planks":24,"minecraft:furnace":4,"minecraft:light_gray_wool":2,"minecraft:pink_dye":1,"minecraft:cooked_mutton":16,"minecraft:stone_pickaxe":2,"minecraft:chest":1,"minecraft:black_wool":2,"minecraft:smoker":2,"minecraft:cooked_beef":24,"biomesoplenty:jacaranda_planks":20,"minecraft:cooked_porkchop":8,"minecraft:crafting_table":2,"minecraft:wooden_pickaxe":2,"minecraft:bucket":1,"minecraft:stone_axe":7,"minecraft:air":0,"minecraft:light_gray_bed":1,"biomesoplenty:fir_planks":168,"minecraft:oak_boat":1,"minecraft:iron_chestplate":1,"minecraft:shield":2,"minecraft:stick":44,"minecraft:iron_ingot":12,"minecraft:iron_pickaxe":1,"minecraft:black_bed":1,"minecraft:light_gray_dye":2,"minecraft:torch":92},"minecraft:picked_up":{"minecraft:crafting_table":10,"minecraft:azure_bluet":2,"tconstruct:materials_and_you":1,"minecraft:wither_rose":7,"biomesoplenty:jacaranda_sapling":2,"minecraft:string":1,"biomesoplenty:tall_lavender":1,"minecraft:cobbled_deepslate":72,"biomesoplenty:fir_planks":13,"minecraft:beef":24,"minecraft:white_tulip":2,"minecraft:oak_boat":1,"minecraft:poppy":2,"minecraft:light_gray_wool":2,"minecraft:sugar_cane":22,"minecraft:chest":1,"minecraft:egg":5,"minecraft:furnace":3,"minecraft:raw_iron":26,"minecraft:stick":5,"minecraft:torch":17,"minecraft:porkchop":36,"tconstruct:ichor_slime_ball":4,"minecraft:carrot":2,"minecraft:arrow":17,"minecraft:light_gray_bed":8,"minecraft:rotten_flesh":50,"biomesoplenty:jacaranda_log":5,"minecraft:pink_tulip":1,"minecraft:mutton":46,"minecraft:white_wool":26,"minecraft:cobblestone":46,"minecraft:oxeye_daisy":2,"biomesoplenty:lavender":1,"minecraft:cooked_beef":6,"minecraft:brown_wool":2,"minecraft:black_bed":1,"minecraft:leather":26,"minecraft:smoker":3,"biomesoplenty:fir_log":153,"minecraft:tuff":18,"minecraft:oak_log":28,"minecraft:lapis_lazuli":9,"minecraft:dirt":20,"minecraft:bone":25,"minecraft:apple":12,"minecraft:bow":2,"minecraft:wheat_seeds":3,"minecraft:raw_gold":6,"minecraft:iron_ingot":5,"biomesoplenty:umbran_log":1,"minecraft:oak_planks":1,"biomesoplenty:toadstool":2,"minecraft:ink_sac":2,"minecraft:dark_oak_log":5,"minecraft:diamond":28,"minecraft:gray_wool":1,"minecraft:oak_sapling":18,"minecraft:black_wool":2,"minecraft:coal":121}},"DataVersion":3120}