{"stats":{"minecraft:killed":{"minecraft:spider":4,"minecraft:skeleton":11,"minecraft:pig":12,"minecraft:iron_golem":1,"minecraft:squid":1,"minecraft:sheep":19,"minecraft:pillager":1,"minecraft:zombie":26,"minecraft:cow":11},"minecraft:mined":{"minecraft:dark_oak_planks":1,"biomesoplenty:orange_autumn_leaves":3,"minecraft:tuff":13,"minecraft:deepslate_diamond_ore":14,"minecraft:dark_oak_log":5,"minecraft:grass_block":6,"minecraft:brown_wool":1,"minecraft:light_gray_bed":8,"minecraft:oxeye_daisy":1,"biomesoplenty:jacaranda_log":5,"biomesoplenty:tall_lavender":1,"minecraft:furnace":2,"biomesoplenty:toadstool":1,"minecraft:iron_ore":11,"minecraft:fire":6,"biomesoplenty:lavender":1,"minecraft:deepslate_lapis_ore":1,"minecraft:azure_bluet":1,"tconstruct:earth_slime_leaves":5,"minecraft:deepslate_iron_ore":13,"minecraft:iron_bars":3,"minecraft:pink_tulip":1,"minecraft:white_tulip":2,"minecraft:stone":38,"biomesoplenty:jacaranda_leaves":37,"minecraft:smoker":3,"minecraft:crafting_table":10,"minecraft:torch":3,"minecraft:blast_furnace":2,"biomesoplenty:fir_planks":10,"tconstruct:greenheart_log":4,"minecraft:chest":1,"minecraft:deepslate_gold_ore":3,"minecraft:sugar_cane":5,"minecraft:wall_torch":4,"biomesoplenty:stripped_umbran_log":1,"minecraft:lilac":1,"biomesoplenty:umbran_log":2,"minecraft:black_bed":2,"biomesoplenty:fir_log":121,"minecraft:wither_rose":8,"minecraft:grass":7,"minecraft:coal_ore":42,"minecraft:oak_log":31,"biomesoplenty:fir_leaves":6,"minecraft:dirt":14,"minecraft:emerald_block":8,"minecraft:oak_leaves":10,"minecraft:deepslate":63},"minecraft:custom":{"minecraft:mob_kills":87,"minecraft:animals_bred":1,"minecraft:interact_with_crafting_table":37,"minecraft:leave_game":2,"minecraft:time_since_death":1741,"minecraft:sprint_one_cm":424622,"minecraft:walk_one_cm":289283,"minecraft:damage_blocked_by_shield":2800,"minecraft:drop":79,"minecraft:play_time":153519,"minecraft:deaths":2,"minecraft:sneak_time":8977,"minecraft:walk_under_water_one_cm":9544,"minecraft:boat_one_cm":198254,"minecraft:jump":2742,"minecraft:walk_on_water_one_cm":29707,"minecraft:total_world_time":153519,"minecraft:interact_with_furnace":9,"minecraft:sleep_in_bed":8,"minecraft:time_since_rest":1822,"minecraft:damage_taken":2538,"minecraft:damage_dealt":13358,"minecraft:swim_one_cm":37164,"minecraft:fly_one_cm":518426,"minecraft:open_chest":30,"minecraft:crouch_one_cm":20100,"minecraft:interact_with_smoker":20,"minecraft:fall_one_cm":79097},"minecraft:broken":{"minecraft:stone_axe":1},"minecraft:dropped":{"minecraft:wheat_seeds":3,"minecraft:cooked_beef":3,"minecraft:oak_log":1,"minecraft:crafting_table":1,"minecraft:cooked_porkchop":2,"biomesoplenty:lavender":1,"minecraft:coal":6,"minecraft:oxeye_daisy":2,"minecraft:dirt":24,"minecraft:gray_wool":1,"minecraft:dark_oak_log":5,"minecraft:torch":14,"minecraft:brown_wool":1,"minecraft:dark_oak_planks":1,"minecraft:bone":10,"biomesoplenty:toadstool":2,"minecraft:furnace":2,"minecraft:cobbled_deepslate":7,"minecraft:tuff":5,"minecraft:pink_dye":1,"minecraft:rotten_flesh":35,"minecraft:light_gray_wool":1,"minecraft:oak_planks":1,"minecraft:cooked_mutton":5,"minecraft:azure_bluet":2,"minecraft:poppy":3,"biomesoplenty:umbran_log":1,"minecraft:shield":1,"biomesoplenty:fir_planks":33,"minecraft:andesite":2,"minecraft:oak_sapling":9,"tconstruct:earth_slime_sapling":1,"minecraft:oak_boat":1,"minecraft:slime_ball":1,"minecraft:iron_bars":3,"minecraft:bow":1,"minecraft:wooden_pickaxe":2,"minecraft:black_wool":1},"minecraft:killed_by":{"minecraft:drowned":1},"minecraft:used":{"minecraft:chest":2,"minecraft:shield":69,"minecraft:iron_chestplate":1,"minecraft:torch":93,"minecraft:dirt":8,"minecraft:tuff":8,"biomesoplenty:tall_lavender":1,"minecraft:iron_boots":1,"minecraft:bow":2,"minecraft:furnace":2,"minecraft:egg":5,"minecraft:cooked_beef":11,"minecraft:cobbled_deepslate":4,"minecraft:light_gray_bed":9,"minecraft:cooked_mutton":11,"minecraft:water_bucket":1,"minecraft:stone_pickaxe":183,"minecraft:wooden_pickaxe":6,"biomesoplenty:fir_planks":25,"biomesoplenty:fir_boat":3,"minecraft:crafting_table":12,"minecraft:black_bed":2,"minecraft:smoker":3,"minecraft:bread":5,"minecraft:brown_wool":1,"minecraft:string":1,"minecraft:iron_pickaxe":32,"minecraft:stone_axe":350,"minecraft:cobblestone":1,"minecraft:cooked_porkchop":6,"minecraft:bucket":2,"biomesoplenty:umbran_boat":1,"minecraft:oak_boat":1,"biomesoplenty:fir_log":23},"minecraft:crafted":{"minecraft:black_dye":2,"minecraft:oak_planks":24,"minecraft:furnace":4,"minecraft:light_gray_wool":2,"minecraft:pink_dye":1,"minecraft:cooked_mutton":16,"minecraft:stone_pickaxe":2,"minecraft:chest":1,"minecraft:black_wool":2,"minecraft:smoker":2,"minecraft:cooked_beef":24,"biomesoplenty:umbran_planks":8,"biomesoplenty:fir_boat":1,"biomesoplenty:jacaranda_planks":20,"minecraft:cooked_porkchop":8,"minecraft:crafting_table":3,"minecraft:wooden_pickaxe":2,"minecraft:bucket":1,"minecraft:stone_axe":7,"minecraft:air":0,"minecraft:light_gray_bed":1,"biomesoplenty:fir_planks":168,"minecraft:oak_boat":1,"minecraft:iron_chestplate":1,"minecraft:shield":2,"biomesoplenty:umbran_boat":1,"minecraft:stick":48,"minecraft:iron_ingot":12,"minecraft:iron_pickaxe":2,"minecraft:black_bed":1,"minecraft:light_gray_dye":2,"minecraft:torch":92},"minecraft:picked_up":{"minecraft:crafting_table":10,"minecraft:azure_bluet":2,"tconstruct:materials_and_you":1,"minecraft:wooden_pickaxe":1,"minecraft:wither_rose":8,"biomesoplenty:jacaranda_sapling":2,"minecraft:string":1,"biomesoplenty:tall_lavender":1,"minecraft:cobbled_deepslate":72,"biomesoplenty:fir_planks":13,"minecraft:beef":24,"minecraft:white_tulip":2,"minecraft:oak_boat":1,"minecraft:poppy":3,"minecraft:light_gray_wool":2,"minecraft:sugar_cane":22,"minecraft:chest":1,"minecraft:egg":5,"minecraft:furnace":3,"minecraft:raw_iron":26,"minecraft:stick":5,"minecraft:torch":17,"minecraft:porkchop":36,"tconstruct:ichor_slime_ball":4,"minecraft:carrot":2,"minecraft:dark_oak_planks":1,"minecraft:arrow":17,"minecraft:light_gray_bed":8,"minecraft:rotten_flesh":50,"biomesoplenty:jacaranda_log":5,"minecraft:pink_tulip":1,"tconstruct:earth_slime_sapling":3,"minecraft:mutton":49,"minecraft:iron_bars":3,"minecraft:white_wool":26,"minecraft:cobblestone":46,"minecraft:oxeye_daisy":2,"biomesoplenty:lavender":1,"minecraft:cooked_beef":6,"tconstruct:greenheart_log":4,"minecraft:andesite":2,"minecraft:brown_wool":2,"minecraft:black_bed":1,"minecraft:leather":26,"minecraft:smoker":3,"biomesoplenty:fir_log":153,"minecraft:tuff":18,"minecraft:oak_log":28,"minecraft:lapis_lazuli":9,"minecraft:dirt":32,"minecraft:bone":25,"minecraft:apple":12,"minecraft:bow":2,"minecraft:wheat_seeds":3,"biomesoplenty:fir_boat":2,"minecraft:raw_gold":6,"biomesoplenty:stripped_umbran_log":1,"minecraft:iron_ingot":9,"biomesoplenty:umbran_log":2,"minecraft:oak_planks":1,"biomesoplenty:toadstool":2,"minecraft:emerald_block":8,"minecraft:blast_furnace":2,"minecraft:ink_sac":2,"minecraft:dark_oak_log":5,"minecraft:slime_ball":1,"minecraft:diamond":28,"minecraft:gray_wool":1,"minecraft:oak_sapling":18,"minecraft:black_wool":2,"minecraft:coal":121}},"DataVersion":3120}