{"stats":{"minecraft:mined":{"minecraft:oak_log":6,"minecraft:oak_leaves":1,"minecraft:crafting_table":1},"minecraft:picked_up":{"minecraft:crafting_table":1,"minecraft:oak_log":3},"minecraft:custom":{"minecraft:jump":12,"minecraft:time_since_rest":1803,"minecraft:leave_game":1,"minecraft:damage_dealt":10,"minecraft:damage_taken":10,"minecraft:crouch_one_cm":2159,"minecraft:sprint_one_cm":431,"minecraft:play_time":1803,"minecraft:time_since_death":1803,"minecraft:walk_one_cm":2125,"minecraft:sneak_time":626,"minecraft:total_world_time":1803,"minecraft:fly_one_cm":498}},"DataVersion":3120}