{"stats":{"minecraft:killed":{"minecraft:pig":12,"minecraft:squid":1,"minecraft:sheep":15,"minecraft:cow":8},"minecraft:mined":{"biomesoplenty:jacaranda_leaves":13,"minecraft:smoker":1,"minecraft:crafting_table":4,"minecraft:grass_block":2,"minecraft:brown_wool":1,"minecraft:light_gray_bed":3,"minecraft:sugar_cane":3,"minecraft:oxeye_daisy":1,"biomesoplenty:jacaranda_log":5,"minecraft:lilac":1,"minecraft:black_bed":2,"minecraft:azure_bluet":1,"minecraft:grass":1,"minecraft:oak_log":31,"minecraft:coal_ore":38,"minecraft:dirt":4,"minecraft:pink_tulip":1,"minecraft:stone":25,"minecraft:white_tulip":2,"minecraft:oak_leaves":10},"minecraft:custom":{"minecraft:mob_kills":36,"minecraft:interact_with_crafting_table":10,"minecraft:leave_game":2,"minecraft:time_since_death":45519,"minecraft:sleep_in_bed":3,"minecraft:time_since_rest":2824,"minecraft:sprint_one_cm":112635,"minecraft:damage_taken":136,"minecraft:walk_one_cm":69570,"minecraft:drop":9,"minecraft:damage_dealt":3310,"minecraft:swim_one_cm":3239,"minecraft:fly_one_cm":114156,"minecraft:crouch_one_cm":5520,"minecraft:play_time":45519,"minecraft:sneak_time":2045,"minecraft:walk_under_water_one_cm":1356,"minecraft:jump":657,"minecraft:walk_on_water_one_cm":493,"minecraft:interact_with_smoker":3,"minecraft:total_world_time":45519,"minecraft:fall_one_cm":18153},"minecraft:dropped":{"minecraft:crafting_table":1,"minecraft:cooked_porkchop":2,"minecraft:pink_dye":1,"minecraft:azure_bluet":2,"minecraft:oxeye_daisy":2,"minecraft:brown_wool":1},"minecraft:used":{"minecraft:stone_pickaxe":61,"minecraft:wooden_pickaxe":3,"minecraft:dirt":6,"minecraft:crafting_table":3,"minecraft:black_bed":2,"minecraft:smoker":1,"minecraft:brown_wool":1,"minecraft:stone_axe":69,"minecraft:cooked_porkchop":4,"minecraft:egg":5,"minecraft:light_gray_bed":3},"minecraft:crafted":{"minecraft:black_dye":2,"minecraft:oak_planks":24,"minecraft:cooked_porkchop":8,"minecraft:wooden_pickaxe":1,"minecraft:furnace":2,"minecraft:light_gray_wool":2,"minecraft:stone_axe":1,"minecraft:pink_dye":1,"minecraft:air":0,"minecraft:light_gray_bed":1,"minecraft:stick":8,"minecraft:stone_pickaxe":1,"minecraft:black_bed":1,"minecraft:light_gray_dye":2,"minecraft:black_wool":2,"minecraft:smoker":1},"minecraft:picked_up":{"minecraft:crafting_table":4,"minecraft:azure_bluet":2,"minecraft:leather":9,"minecraft:black_bed":1,"minecraft:brown_wool":2,"minecraft:smoker":1,"minecraft:oak_log":28,"minecraft:dirt":6,"minecraft:apple":2,"minecraft:beef":17,"minecraft:white_tulip":2,"minecraft:light_gray_wool":2,"minecraft:sugar_cane":7,"minecraft:egg":5,"minecraft:stick":2,"minecraft:porkchop":22,"minecraft:ink_sac":2,"minecraft:light_gray_bed":3,"biomesoplenty:jacaranda_log":5,"minecraft:pink_tulip":1,"minecraft:gray_wool":1,"minecraft:oak_sapling":9,"minecraft:black_wool":1,"minecraft:mutton":25,"minecraft:coal":38,"minecraft:cobblestone":25,"minecraft:white_wool":10,"minecraft:oxeye_daisy":2}},"DataVersion":3120}