{"stats":{"minecraft:killed":{"minecraft:pig":12,"minecraft:squid":1,"minecraft:sheep":19,"minecraft:cow":11},"minecraft:mined":{"biomesoplenty:orange_autumn_leaves":3,"biomesoplenty:jacaranda_leaves":37,"minecraft:smoker":1,"minecraft:dark_oak_log":5,"minecraft:crafting_table":5,"minecraft:grass_block":2,"minecraft:brown_wool":1,"minecraft:light_gray_bed":3,"minecraft:sugar_cane":3,"minecraft:oxeye_daisy":1,"biomesoplenty:jacaranda_log":5,"biomesoplenty:tall_lavender":1,"biomesoplenty:toadstool":1,"biomesoplenty:lavender":1,"minecraft:lilac":1,"minecraft:black_bed":2,"biomesoplenty:fir_log":115,"minecraft:azure_bluet":1,"minecraft:grass":2,"minecraft:oak_log":31,"minecraft:coal_ore":38,"biomesoplenty:fir_leaves":6,"minecraft:dirt":4,"minecraft:pink_tulip":1,"minecraft:stone":25,"minecraft:white_tulip":2,"minecraft:oak_leaves":10},"minecraft:custom":{"minecraft:mob_kills":43,"minecraft:interact_with_crafting_table":11,"minecraft:leave_game":2,"minecraft:time_since_death":57519,"minecraft:sleep_in_bed":3,"minecraft:time_since_rest":14824,"minecraft:sprint_one_cm":130809,"minecraft:damage_taken":236,"minecraft:walk_one_cm":85351,"minecraft:drop":14,"minecraft:damage_dealt":3930,"minecraft:swim_one_cm":9169,"minecraft:fly_one_cm":153200,"minecraft:crouch_one_cm":6552,"minecraft:play_time":57519,"minecraft:sneak_time":2814,"minecraft:walk_under_water_one_cm":1962,"minecraft:boat_one_cm":109037,"minecraft:jump":843,"minecraft:walk_on_water_one_cm":977,"minecraft:interact_with_smoker":3,"minecraft:total_world_time":57519,"minecraft:fall_one_cm":23929},"minecraft:dropped":{"biomesoplenty:toadstool":2,"minecraft:crafting_table":1,"minecraft:cooked_porkchop":2,"minecraft:pink_dye":1,"minecraft:light_gray_wool":1,"minecraft:azure_bluet":2,"minecraft:oxeye_daisy":2,"minecraft:gray_wool":1,"minecraft:dark_oak_log":5,"minecraft:brown_wool":1,"minecraft:black_wool":1},"minecraft:used":{"minecraft:stone_pickaxe":61,"minecraft:wooden_pickaxe":3,"minecraft:dirt":6,"minecraft:crafting_table":4,"minecraft:black_bed":2,"minecraft:smoker":1,"biomesoplenty:tall_lavender":1,"minecraft:brown_wool":1,"minecraft:stone_axe":201,"minecraft:cooked_porkchop":5,"minecraft:egg":5,"biomesoplenty:fir_log":16,"minecraft:light_gray_bed":3},"minecraft:crafted":{"minecraft:black_dye":2,"minecraft:oak_planks":24,"minecraft:cooked_porkchop":8,"minecraft:crafting_table":1,"minecraft:wooden_pickaxe":1,"minecraft:furnace":2,"minecraft:light_gray_wool":2,"minecraft:stone_axe":3,"minecraft:pink_dye":1,"minecraft:air":0,"minecraft:light_gray_bed":1,"minecraft:stick":8,"minecraft:stone_pickaxe":1,"minecraft:black_bed":1,"minecraft:light_gray_dye":2,"minecraft:black_wool":2,"minecraft:smoker":1},"minecraft:picked_up":{"biomesoplenty:lavender":1,"minecraft:crafting_table":5,"minecraft:azure_bluet":2,"minecraft:leather":13,"minecraft:black_bed":1,"minecraft:brown_wool":2,"minecraft:smoker":1,"biomesoplenty:fir_log":107,"biomesoplenty:jacaranda_sapling":1,"minecraft:oak_log":28,"minecraft:dirt":6,"biomesoplenty:tall_lavender":1,"minecraft:apple":2,"minecraft:beef":24,"minecraft:white_tulip":2,"minecraft:light_gray_wool":2,"minecraft:sugar_cane":7,"minecraft:egg":5,"biomesoplenty:toadstool":2,"minecraft:stick":5,"minecraft:porkchop":22,"minecraft:ink_sac":2,"minecraft:dark_oak_log":5,"minecraft:light_gray_bed":3,"biomesoplenty:jacaranda_log":5,"minecraft:pink_tulip":1,"minecraft:gray_wool":1,"minecraft:oak_sapling":9,"minecraft:black_wool":2,"minecraft:mutton":31,"minecraft:coal":38,"minecraft:cobblestone":25,"minecraft:white_wool":15,"minecraft:oxeye_daisy":2}},"DataVersion":3120}