{"stats":{"minecraft:killed":{"minecraft:spider":4,"minecraft:skeleton":7,"minecraft:pig":12,"minecraft:squid":1,"minecraft:sheep":19,"minecraft:zombie":16,"minecraft:cow":11},"minecraft:mined":{"biomesoplenty:orange_autumn_leaves":3,"minecraft:tuff":13,"minecraft:deepslate_diamond_ore":14,"minecraft:dark_oak_log":5,"minecraft:grass_block":2,"minecraft:brown_wool":1,"minecraft:light_gray_bed":7,"minecraft:oxeye_daisy":1,"biomesoplenty:jacaranda_log":5,"biomesoplenty:tall_lavender":1,"minecraft:furnace":2,"biomesoplenty:toadstool":1,"minecraft:iron_ore":5,"minecraft:fire":4,"biomesoplenty:lavender":1,"minecraft:azure_bluet":1,"minecraft:deepslate_iron_ore":6,"minecraft:pink_tulip":1,"minecraft:white_tulip":2,"minecraft:stone":28,"biomesoplenty:jacaranda_leaves":37,"minecraft:smoker":2,"minecraft:crafting_table":10,"biomesoplenty:fir_planks":3,"minecraft:deepslate_gold_ore":3,"minecraft:sugar_cane":5,"minecraft:lilac":1,"minecraft:black_bed":2,"biomesoplenty:fir_log":121,"minecraft:grass":2,"minecraft:coal_ore":38,"minecraft:oak_log":31,"biomesoplenty:fir_leaves":6,"minecraft:dirt":4,"minecraft:oak_leaves":10,"minecraft:deepslate":37},"minecraft:custom":{"minecraft:mob_kills":71,"minecraft:interact_with_crafting_table":29,"minecraft:leave_game":2,"minecraft:time_since_death":3568,"minecraft:sprint_one_cm":276482,"minecraft:walk_one_cm":194654,"minecraft:damage_blocked_by_shield":1645,"minecraft:drop":50,"minecraft:play_time":105519,"minecraft:deaths":1,"minecraft:sneak_time":7503,"minecraft:walk_under_water_one_cm":4009,"minecraft:boat_one_cm":150564,"minecraft:jump":1711,"minecraft:walk_on_water_one_cm":13133,"minecraft:total_world_time":105519,"minecraft:interact_with_furnace":9,"minecraft:sleep_in_bed":6,"minecraft:time_since_rest":3679,"minecraft:damage_taken":1514,"minecraft:damage_dealt":9485,"minecraft:swim_one_cm":14530,"minecraft:fly_one_cm":322466,"minecraft:open_chest":14,"minecraft:crouch_one_cm":16378,"minecraft:interact_with_smoker":10,"minecraft:fall_one_cm":52377},"minecraft:broken":{"minecraft:stone_axe":1},"minecraft:dropped":{"minecraft:wheat_seeds":2,"minecraft:cooked_beef":3,"minecraft:oak_log":1,"minecraft:crafting_table":1,"minecraft:cooked_porkchop":2,"biomesoplenty:lavender":1,"minecraft:coal":4,"minecraft:oxeye_daisy":2,"minecraft:gray_wool":1,"minecraft:dark_oak_log":5,"minecraft:torch":14,"minecraft:brown_wool":1,"minecraft:bone":1,"biomesoplenty:toadstool":2,"minecraft:furnace":2,"minecraft:cobbled_deepslate":4,"minecraft:pink_dye":1,"minecraft:rotten_flesh":8,"minecraft:light_gray_wool":1,"minecraft:oak_planks":1,"minecraft:azure_bluet":2,"minecraft:poppy":2,"minecraft:shield":1,"biomesoplenty:fir_planks":1,"minecraft:oak_boat":1,"minecraft:wooden_pickaxe":1,"minecraft:black_wool":1},"minecraft:used":{"minecraft:chest":1,"minecraft:shield":38,"minecraft:iron_chestplate":1,"minecraft:torch":79,"minecraft:dirt":6,"minecraft:tuff":8,"biomesoplenty:tall_lavender":1,"minecraft:iron_boots":1,"minecraft:bow":1,"minecraft:furnace":2,"minecraft:egg":5,"minecraft:cooked_beef":11,"minecraft:cobbled_deepslate":4,"minecraft:light_gray_bed":8,"minecraft:water_bucket":1,"minecraft:stone_pickaxe":120,"minecraft:wooden_pickaxe":6,"biomesoplenty:fir_planks":25,"minecraft:crafting_table":11,"minecraft:black_bed":2,"minecraft:smoker":2,"minecraft:bread":2,"minecraft:brown_wool":1,"minecraft:string":1,"minecraft:iron_pickaxe":24,"minecraft:stone_axe":284,"minecraft:cooked_porkchop":6,"minecraft:bucket":2,"minecraft:oak_boat":1,"biomesoplenty:fir_log":23},"minecraft:crafted":{"minecraft:black_dye":2,"minecraft:oak_planks":24,"minecraft:furnace":3,"minecraft:light_gray_wool":2,"minecraft:pink_dye":1,"minecraft:stone_pickaxe":2,"minecraft:chest":1,"minecraft:black_wool":2,"minecraft:smoker":1,"minecraft:cooked_beef":24,"biomesoplenty:jacaranda_planks":20,"minecraft:cooked_porkchop":8,"minecraft:crafting_table":2,"minecraft:wooden_pickaxe":2,"minecraft:bucket":1,"minecraft:stone_axe":7,"minecraft:air":0,"minecraft:light_gray_bed":1,"biomesoplenty:fir_planks":104,"minecraft:oak_boat":1,"minecraft:iron_chestplate":1,"minecraft:shield":2,"minecraft:stick":44,"minecraft:iron_ingot":12,"minecraft:iron_pickaxe":1,"minecraft:black_bed":1,"minecraft:light_gray_dye":2,"minecraft:torch":92},"minecraft:picked_up":{"minecraft:crafting_table":10,"minecraft:azure_bluet":2,"biomesoplenty:jacaranda_sapling":1,"minecraft:string":1,"biomesoplenty:tall_lavender":1,"minecraft:cobbled_deepslate":46,"biomesoplenty:fir_planks":3,"minecraft:beef":24,"minecraft:white_tulip":2,"minecraft:oak_boat":1,"minecraft:poppy":2,"minecraft:light_gray_wool":2,"minecraft:sugar_cane":11,"minecraft:egg":5,"minecraft:furnace":3,"minecraft:raw_iron":12,"minecraft:stick":5,"minecraft:torch":1,"minecraft:porkchop":22,"minecraft:arrow":5,"minecraft:light_gray_bed":7,"minecraft:rotten_flesh":23,"biomesoplenty:jacaranda_log":5,"minecraft:pink_tulip":1,"minecraft:mutton":31,"minecraft:white_wool":15,"minecraft:cobblestone":28,"minecraft:oxeye_daisy":2,"biomesoplenty:lavender":1,"minecraft:cooked_beef":1,"minecraft:brown_wool":2,"minecraft:black_bed":1,"minecraft:leather":13,"minecraft:smoker":2,"biomesoplenty:fir_log":113,"minecraft:tuff":13,"minecraft:oak_log":28,"minecraft:dirt":6,"minecraft:bone":12,"minecraft:apple":2,"minecraft:bow":1,"minecraft:wheat_seeds":2,"minecraft:raw_gold":3,"minecraft:iron_ingot":5,"minecraft:oak_planks":1,"biomesoplenty:toadstool":2,"minecraft:ink_sac":2,"minecraft:dark_oak_log":5,"minecraft:diamond":14,"minecraft:gray_wool":1,"minecraft:oak_sapling":9,"minecraft:black_wool":2,"minecraft:coal":111}},"DataVersion":3120}