{"stats":{"minecraft:crafted":{"minecraft:oak_planks":52,"minecraft:wooden_shovel":1,"minecraft:cooked_porkchop":8,"minecraft:crafting_table":2,"minecraft:iron_helmet":1,"minecraft:cooked_chicken":3,"minecraft:wooden_pickaxe":1,"minecraft:birch_boat":1,"minecraft:iron_sword":1,"minecraft:furnace":1,"minecraft:birch_planks":64,"minecraft:stone_axe":1,"minecraft:cooked_mutton":8,"minecraft:air":0,"minecraft:iron_chestplate":1,"minecraft:shield":1,"minecraft:stick":24,"minecraft:iron_ingot":38,"minecraft:iron_pickaxe":1,"minecraft:stone_pickaxe":3,"minecraft:wooden_axe":1,"minecraft:chest":1,"minecraft:iron_leggings":1,"minecraft:white_bed":1,"minecraft:torch":16},"minecraft:picked_up":{"minecraft:wooden_axe":1,"biomesoplenty:lavender":4,"minecraft:birch_log":17,"minecraft:crafting_table":5,"minecraft:chicken":3,"minecraft:andesite":9,"minecraft:tuff":2,"minecraft:oak_log":13,"minecraft:dirt":31,"minecraft:raw_copper":4,"minecraft:bone":2,"minecraft:wheat_seeds":2,"minecraft:candle":1,"minecraft:cobbled_deepslate":24,"minecraft:light_gray_wool":2,"minecraft:egg":3,"minecraft:furnace":3,"minecraft:raw_iron":37,"minecraft:birch_boat":3,"minecraft:torch":4,"minecraft:porkchop":7,"minecraft:diorite":7,"minecraft:white_bed":2,"minecraft:redstone":2,"minecraft:arrow":3,"minecraft:rotten_flesh":5,"minecraft:diamond":1,"minecraft:granite":2,"minecraft:black_wool":1,"minecraft:mutton":10,"minecraft:coal":26,"minecraft:white_wool":5,"minecraft:cobblestone":161},"minecraft:custom":{"minecraft:interact_with_furnace":22,"minecraft:mob_kills":23,"minecraft:interact_with_crafting_table":26,"minecraft:time_since_death":87911,"minecraft:leave_game":1,"minecraft:sleep_in_bed":4,"minecraft:climb_one_cm":1664,"minecraft:time_since_rest":12448,"minecraft:sprint_one_cm":189877,"minecraft:damage_taken":926,"minecraft:walk_one_cm":197056,"minecraft:damage_blocked_by_shield":445,"minecraft:drop":7,"minecraft:damage_dealt":3715,"minecraft:swim_one_cm":23298,"minecraft:fly_one_cm":130183,"minecraft:open_chest":25,"minecraft:crouch_one_cm":8477,"minecraft:play_time":87911,"minecraft:sneak_time":2487,"minecraft:walk_under_water_one_cm":2902,"minecraft:boat_one_cm":269451,"minecraft:jump":1017,"minecraft:walk_on_water_one_cm":12058,"minecraft:total_world_time":87911,"minecraft:interact_with_smoker":2,"minecraft:fall_one_cm":25459},"minecraft:broken":{"minecraft:wooden_axe":1,"minecraft:wooden_pickaxe":1,"minecraft:stone_pickaxe":1},"minecraft:mined":{"biomesoplenty:jacaranda_leaves":1,"minecraft:tuff":2,"minecraft:white_bed":2,"minecraft:deepslate_diamond_ore":1,"minecraft:candle":1,"minecraft:torch":1,"minecraft:crafting_table":5,"minecraft:glow_lichen":1,"minecraft:granite":2,"minecraft:grass_block":29,"minecraft:cobblestone":12,"minecraft:copper_ore":1,"biomesoplenty:sprout":1,"minecraft:diorite":7,"minecraft:wall_torch":3,"minecraft:furnace":3,"minecraft:birch_log":17,"minecraft:iron_ore":1,"biomesoplenty:lavender":4,"minecraft:birch_leaves":4,"minecraft:andesite":9,"minecraft:grass":14,"minecraft:deepslate_iron_ore":37,"minecraft:coal_ore":21,"minecraft:oak_log":13,"minecraft:dirt":6,"minecraft:stone":151,"minecraft:deepslate":14},"minecraft:killed":{"minecraft:pig":3,"minecraft:witch":1,"minecraft:zombie_villager":1,"alexsmobs:raccoon":1,"minecraft:sheep":8,"minecraft:skeleton":1,"minecraft:zombie":3,"minecraft:chicken":3,"alexsmobs:fly":1,"minecraft:enderman":1},"minecraft:used":{"minecraft:cooked_mutton":8,"minecraft:stone_pickaxe":198,"minecraft:chest":1,"minecraft:shield":13,"minecraft:wooden_pickaxe":60,"minecraft:birch_boat":3,"minecraft:iron_sword":65,"minecraft:wooden_shovel":28,"minecraft:cooked_chicken":3,"minecraft:torch":18,"minecraft:dirt":10,"minecraft:mutton":2,"minecraft:crafting_table":7,"minecraft:white_bed":3,"minecraft:tuff":2,"minecraft:wooden_axe":49,"minecraft:iron_pickaxe":6,"minecraft:stone_axe":33,"minecraft:golden_sword":9,"minecraft:cobblestone":112,"minecraft:furnace":3,"minecraft:cooked_porkchop":4,"minecraft:birch_log":1,"alexsmobs:animal_dictionary":1,"minecraft:egg":3,"minecraft:cobbled_deepslate":24},"minecraft:dropped":{"minecraft:wheat_seeds":2,"biomesoplenty:lavender":4,"minecraft:cobblestone":3,"minecraft:granite":2,"minecraft:diorite":7,"minecraft:andesite":9,"minecraft:wooden_axe":1}},"DataVersion":3120}