{"stats":{"minecraft:picked_up":{"minecraft:oak_log":1},"minecraft:custom":{"minecraft:jump":19,"minecraft:time_since_rest":2671,"minecraft:leave_game":1,"minecraft:crouch_one_cm":351,"minecraft:damage_taken":110,"minecraft:sprint_one_cm":921,"minecraft:play_time":2671,"minecraft:time_since_death":2671,"minecraft:walk_one_cm":4332,"minecraft:sneak_time":37,"minecraft:total_world_time":2671,"minecraft:fall_one_cm":1738,"minecraft:fly_one_cm":1248},"minecraft:mined":{"minecraft:oak_log":1},"minecraft:used":{"alexsmobs:animal_dictionary":1}},"DataVersion":3120}