{"stats":{"minecraft:crafted":{"minecraft:oak_planks":28,"minecraft:crafting_table":2,"minecraft:wooden_pickaxe":1,"minecraft:birch_boat":1,"minecraft:furnace":1,"minecraft:birch_planks":24,"minecraft:stone_axe":1,"minecraft:cooked_mutton":8,"minecraft:air":0,"minecraft:shield":1,"minecraft:stick":24,"minecraft:iron_ingot":4,"minecraft:iron_pickaxe":1,"minecraft:stone_pickaxe":3,"minecraft:wooden_axe":1,"minecraft:white_bed":1,"minecraft:torch":16},"minecraft:picked_up":{"minecraft:wooden_axe":1,"biomesoplenty:lavender":4,"minecraft:birch_log":7,"minecraft:crafting_table":4,"minecraft:chicken":3,"minecraft:andesite":9,"minecraft:oak_log":7,"minecraft:dirt":2,"minecraft:raw_copper":4,"minecraft:bone":2,"minecraft:wheat_seeds":1,"minecraft:candle":1,"minecraft:cobbled_deepslate":5,"minecraft:light_gray_wool":2,"minecraft:egg":3,"minecraft:furnace":1,"minecraft:raw_iron":9,"minecraft:birch_boat":3,"minecraft:porkchop":7,"minecraft:diorite":7,"minecraft:white_bed":2,"minecraft:arrow":3,"minecraft:granite":2,"minecraft:black_wool":1,"minecraft:mutton":10,"minecraft:coal":26,"minecraft:white_wool":5,"minecraft:cobblestone":159},"minecraft:custom":{"minecraft:interact_with_furnace":11,"minecraft:mob_kills":17,"minecraft:interact_with_crafting_table":14,"minecraft:time_since_death":51911,"minecraft:leave_game":1,"minecraft:sleep_in_bed":3,"minecraft:climb_one_cm":836,"minecraft:time_since_rest":14232,"minecraft:sprint_one_cm":118258,"minecraft:damage_taken":385,"minecraft:walk_one_cm":116947,"minecraft:drop":6,"minecraft:damage_dealt":1648,"minecraft:swim_one_cm":20061,"minecraft:fly_one_cm":76170,"minecraft:open_chest":15,"minecraft:crouch_one_cm":5090,"minecraft:play_time":51911,"minecraft:sneak_time":906,"minecraft:walk_under_water_one_cm":2487,"minecraft:boat_one_cm":269451,"minecraft:jump":545,"minecraft:walk_on_water_one_cm":6544,"minecraft:total_world_time":51911,"minecraft:interact_with_smoker":2,"minecraft:fall_one_cm":14591},"minecraft:broken":{"minecraft:wooden_pickaxe":1,"minecraft:stone_pickaxe":1},"minecraft:mined":{"biomesoplenty:jacaranda_leaves":1,"minecraft:white_bed":2,"minecraft:candle":1,"minecraft:crafting_table":4,"minecraft:granite":2,"minecraft:grass_block":2,"minecraft:cobblestone":8,"minecraft:copper_ore":1,"biomesoplenty:sprout":1,"minecraft:diorite":7,"minecraft:furnace":1,"minecraft:birch_log":7,"minecraft:iron_ore":1,"biomesoplenty:lavender":4,"minecraft:andesite":9,"minecraft:grass":13,"minecraft:deepslate_iron_ore":8,"minecraft:coal_ore":21,"minecraft:oak_log":7,"minecraft:stone":151},"minecraft:killed":{"minecraft:pig":3,"alexsmobs:raccoon":1,"minecraft:sheep":8,"minecraft:skeleton":1,"minecraft:chicken":3,"alexsmobs:fly":1},"minecraft:used":{"minecraft:cooked_mutton":6,"minecraft:stone_pickaxe":150,"minecraft:wooden_pickaxe":60,"minecraft:birch_boat":3,"minecraft:torch":6,"minecraft:dirt":2,"minecraft:mutton":2,"minecraft:crafting_table":6,"minecraft:white_bed":3,"minecraft:wooden_axe":37,"minecraft:stone_axe":24,"minecraft:golden_sword":9,"minecraft:cobblestone":16,"minecraft:furnace":2,"minecraft:birch_log":1,"alexsmobs:animal_dictionary":1,"minecraft:egg":3},"minecraft:dropped":{"biomesoplenty:lavender":4,"minecraft:cobblestone":3,"minecraft:granite":2,"minecraft:diorite":7,"minecraft:andesite":9,"minecraft:wooden_axe":1}},"DataVersion":3120}