{"stats":{"minecraft:crafted":{"minecraft:oak_planks":4,"minecraft:crafting_table":2,"minecraft:stick":8,"minecraft:wooden_pickaxe":1,"minecraft:stone_pickaxe":1,"minecraft:wooden_axe":1,"minecraft:furnace":1,"minecraft:white_bed":1,"minecraft:birch_planks":24,"minecraft:stone_axe":1,"minecraft:air":0,"minecraft:cooked_mutton":8},"minecraft:picked_up":{"minecraft:wooden_axe":1,"minecraft:birch_log":7,"minecraft:crafting_table":1,"minecraft:chicken":3,"minecraft:porkchop":7,"minecraft:oak_log":1,"minecraft:white_bed":1,"minecraft:dirt":1,"minecraft:light_gray_wool":2,"minecraft:furnace":1,"minecraft:black_wool":1,"minecraft:mutton":10,"minecraft:coal":11,"minecraft:cobblestone":29,"minecraft:white_wool":5,"minecraft:egg":3,"biomesoplenty:lavender":4},"minecraft:custom":{"minecraft:time_since_rest":4721,"minecraft:interact_with_furnace":7,"minecraft:sprint_one_cm":34942,"minecraft:damage_taken":160,"minecraft:walk_one_cm":38089,"minecraft:mob_kills":15,"minecraft:drop":1,"minecraft:damage_dealt":1080,"minecraft:interact_with_crafting_table":5,"minecraft:swim_one_cm":1091,"minecraft:fly_one_cm":25194,"minecraft:crouch_one_cm":2328,"minecraft:play_time":15911,"minecraft:sneak_time":394,"minecraft:walk_under_water_one_cm":499,"minecraft:jump":184,"minecraft:leave_game":1,"minecraft:time_since_death":15911,"minecraft:walk_on_water_one_cm":1092,"minecraft:sleep_in_bed":1,"minecraft:total_world_time":15911,"minecraft:fall_one_cm":6587},"minecraft:mined":{"minecraft:white_bed":1,"minecraft:furnace":1,"minecraft:birch_log":7,"biomesoplenty:lavender":4,"minecraft:crafting_table":1,"minecraft:grass":6,"minecraft:oak_log":1,"minecraft:grass_block":1,"minecraft:coal_ore":6,"minecraft:stone":29},"minecraft:used":{"minecraft:cooked_mutton":1,"minecraft:wooden_axe":30,"minecraft:wooden_pickaxe":37,"minecraft:mutton":2,"minecraft:crafting_table":2,"minecraft:furnace":1,"minecraft:birch_log":1,"minecraft:white_bed":1,"alexsmobs:animal_dictionary":1,"minecraft:egg":3},"minecraft:killed":{"minecraft:sheep":8,"minecraft:pig":3,"minecraft:chicken":3,"alexsmobs:fly":1},"minecraft:dropped":{"minecraft:wooden_axe":1}},"DataVersion":3120}