{"stats":{"minecraft:killed":{"minecraft:pig":1,"minecraft:spider":3,"minecraft:iron_golem":1,"minecraft:skeleton":3,"minecraft:sheep":19,"minecraft:zombie":21,"minecraft:chicken":4,"minecraft:drowned":1,"minecraft:cow":14},"minecraft:mined":{"minecraft:dark_oak_log":1,"minecraft:crafting_table":5,"biomesoplenty:fir_planks":2,"minecraft:grass_block":1,"minecraft:rose_bush":1,"minecraft:tall_grass":1,"biomesoplenty:jacaranda_log":7,"minecraft:furnace":3,"biomesoplenty:toadstool":1,"minecraft:cobbled_deepslate":2,"biomesoplenty:lavender":2,"minecraft:black_bed":1,"minecraft:deepslate_lapis_ore":7,"biomesoplenty:fir_log":24,"minecraft:grass":6,"minecraft:oak_log":7,"minecraft:coal_ore":12,"minecraft:deepslate_iron_ore":16,"biomesoplenty:fir_leaves":14,"minecraft:dirt":5,"minecraft:stone":10,"minecraft:oak_leaves":2,"minecraft:deepslate":26,"minecraft:fern":4},"minecraft:custom":{"minecraft:interact_with_furnace":27,"minecraft:mob_kills":66,"minecraft:interact_with_crafting_table":27,"minecraft:interact_with_campfire":8,"minecraft:leave_game":4,"minecraft:time_since_death":65618,"minecraft:sleep_in_bed":3,"minecraft:time_since_rest":40185,"minecraft:sprint_one_cm":248996,"minecraft:damage_taken":2111,"minecraft:walk_one_cm":133226,"minecraft:damage_blocked_by_shield":1255,"minecraft:drop":22,"minecraft:damage_dealt":9413,"minecraft:swim_one_cm":26493,"minecraft:talked_to_villager":1,"minecraft:fly_one_cm":279176,"minecraft:open_chest":27,"minecraft:crouch_one_cm":5470,"minecraft:play_time":70060,"minecraft:deaths":1,"minecraft:sneak_time":2127,"minecraft:walk_under_water_one_cm":2626,"minecraft:boat_one_cm":115799,"minecraft:jump":1405,"minecraft:walk_on_water_one_cm":13977,"minecraft:interact_with_smoker":3,"minecraft:total_world_time":70060,"minecraft:fall_one_cm":40436},"minecraft:broken":{"minecraft:golden_sword":1,"minecraft:stone_axe":1},"minecraft:dropped":{"biomesoplenty:toadstool":1,"minecraft:stone_axe":1,"minecraft:cooked_porkchop":1,"biomesoplenty:lavender":2,"minecraft:feather":6,"minecraft:rotten_flesh":8,"minecraft:oak_planks":1,"biomesoplenty:fir_sapling":1,"minecraft:stick":6,"minecraft:dirt":5,"minecraft:spider_eye":1,"minecraft:wooden_pickaxe":1,"minecraft:stone_pickaxe":2,"minecraft:bone":1},"minecraft:killed_by":{"minecraft:creeper":1},"minecraft:used":{"minecraft:cooked_mutton":9,"minecraft:water_bucket":15,"minecraft:rose_bush":1,"minecraft:stone_pickaxe":74,"minecraft:oak_planks":17,"minecraft:chest":1,"minecraft:wooden_pickaxe":6,"minecraft:shield":19,"minecraft:torch":10,"minecraft:iron_chestplate":1,"minecraft:dirt":5,"minecraft:crafting_table":6,"minecraft:black_bed":2,"biomesoplenty:jacaranda_planks":5,"minecraft:smoker":1,"minecraft:lava_bucket":16,"minecraft:apple":9,"minecraft:dark_oak_log":1,"minecraft:stone_axe":163,"minecraft:golden_sword":32,"minecraft:fire_charge":2,"minecraft:furnace":4,"minecraft:oak_sapling":1,"minecraft:cooked_porkchop":2,"minecraft:bucket":31,"minecraft:oak_boat":1,"minecraft:egg":1,"minecraft:cobbled_deepslate":11,"minecraft:cooked_beef":12},"minecraft:crafted":{"minecraft:cooked_beef":2,"minecraft:oak_planks":44,"biomesoplenty:jacaranda_planks":28,"minecraft:crafting_table":1,"minecraft:wooden_pickaxe":1,"minecraft:furnace":2,"minecraft:bucket":1,"minecraft:stone_axe":3,"minecraft:cooked_mutton":25,"minecraft:air":0,"minecraft:oak_boat":1,"minecraft:iron_boots":1,"minecraft:iron_chestplate":1,"minecraft:shield":1,"minecraft:stick":16,"minecraft:iron_ingot":15,"minecraft:stone_pickaxe":1,"minecraft:chest":1,"minecraft:smoker":1},"minecraft:picked_up":{"biomesoplenty:lavender":2,"minecraft:crafting_table":6,"minecraft:feather":6,"minecraft:cooked_beef":21,"minecraft:chicken":4,"minecraft:black_bed":2,"minecraft:leather":14,"tconstruct:materials_and_you":1,"minecraft:wooden_pickaxe":1,"biomesoplenty:fir_sapling":1,"biomesoplenty:fir_log":18,"minecraft:oak_log":28,"minecraft:shield":1,"minecraft:lapis_lazuli":42,"minecraft:string":9,"minecraft:dirt":10,"minecraft:bone":1,"minecraft:cobbled_deepslate":51,"biomesoplenty:fir_planks":3,"minecraft:beef":33,"minecraft:stone_pickaxe":2,"minecraft:rose_bush":1,"minecraft:oak_planks":21,"minecraft:egg":1,"minecraft:furnace":4,"biomesoplenty:toadstool":1,"minecraft:stick":8,"minecraft:raw_iron":17,"minecraft:cooked_porkchop":3,"minecraft:torch":13,"minecraft:porkchop":5,"minecraft:dark_oak_log":1,"minecraft:spider_eye":1,"minecraft:rotten_flesh":9,"minecraft:arrow":7,"biomesoplenty:jacaranda_log":7,"minecraft:oak_sapling":2,"minecraft:mutton":61,"minecraft:coal":14,"minecraft:white_wool":17,"minecraft:cobblestone":16}},"DataVersion":3120}