{"stats":{"minecraft:killed":{"minecraft:sheep":5,"minecraft:pig":1,"minecraft:chicken":1},"minecraft:mined":{"biomesoplenty:jacaranda_log":1,"minecraft:black_bed":1,"minecraft:crafting_table":1,"minecraft:grass":1,"minecraft:oak_log":7,"minecraft:rose_bush":1,"minecraft:stone":6},"minecraft:custom":{"minecraft:time_since_rest":2824,"minecraft:sprint_one_cm":50185,"minecraft:damage_taken":320,"minecraft:walk_one_cm":14471,"minecraft:mob_kills":7,"minecraft:damage_dealt":566,"minecraft:interact_with_crafting_table":2,"minecraft:fly_one_cm":54278,"minecraft:crouch_one_cm":303,"minecraft:play_time":11844,"minecraft:deaths":1,"minecraft:sneak_time":163,"minecraft:jump":248,"minecraft:leave_game":3,"minecraft:time_since_death":7402,"minecraft:sleep_in_bed":1,"minecraft:total_world_time":11844,"minecraft:fall_one_cm":8886},"minecraft:killed_by":{"minecraft:creeper":1},"minecraft:crafted":{"minecraft:oak_planks":32,"minecraft:crafting_table":1,"minecraft:stick":12,"minecraft:wooden_pickaxe":1,"minecraft:stone_pickaxe":1,"minecraft:stone_axe":1},"minecraft:used":{"minecraft:rose_bush":1,"minecraft:wooden_pickaxe":6,"minecraft:stone_axe":10,"minecraft:crafting_table":2,"minecraft:oak_sapling":1,"minecraft:cooked_porkchop":1,"minecraft:egg":1,"minecraft:black_bed":1},"minecraft:picked_up":{"minecraft:stick":6,"minecraft:crafting_table":2,"minecraft:feather":1,"minecraft:chicken":1,"minecraft:cooked_porkchop":2,"minecraft:black_bed":2,"tconstruct:materials_and_you":1,"minecraft:wooden_pickaxe":1,"minecraft:porkchop":5,"minecraft:oak_log":10,"biomesoplenty:jacaranda_log":1,"minecraft:rose_bush":1,"minecraft:oak_sapling":2,"minecraft:mutton":7,"minecraft:oak_planks":21,"minecraft:white_wool":5,"minecraft:cobblestone":12,"minecraft:egg":1}},"DataVersion":3120}