{"stats":{"minecraft:killed":{"minecraft:spider":3,"minecraft:skeleton":5,"minecraft:chicken":4,"minecraft:drowned":4,"minecraft:pig":1,"minecraft:iron_golem":1,"minecraft:creeper":1,"minecraft:sheep":24,"minecraft:pillager":6,"minecraft:zombie":25,"minecraft:cow":23},"minecraft:mined":{"minecraft:dark_oak_planks":2,"minecraft:deepslate_tiles":1,"minecraft:tuff":1,"minecraft:white_bed":1,"minecraft:deepslate_diamond_ore":2,"minecraft:dark_oak_log":1,"biomesoplenty:bush":7,"biomesoplenty:bramble":1,"minecraft:grass_block":3,"tconstruct:earth_slime_tall_grass":2,"biomesoplenty:dead_grass":1,"minecraft:composter":1,"biomesoplenty:jacaranda_log":7,"minecraft:furnace":6,"biomesoplenty:toadstool":1,"minecraft:iron_ore":28,"minecraft:cobbled_deepslate":2,"minecraft:fire":3,"biomesoplenty:lavender":2,"minecraft:andesite":2,"minecraft:deepslate_lapis_ore":7,"minecraft:deepslate_iron_ore":28,"tconstruct:blood_slime_leaves":1,"minecraft:stone":136,"tconstruct:earth_congealed_slime":2,"tconstruct:ichor_congealed_slime":3,"minecraft:red_bed":3,"minecraft:smoker":1,"biomesoplenty:black_sand":1,"minecraft:powder_snow":6,"minecraft:crafting_table":11,"minecraft:blast_furnace":4,"biomesoplenty:fir_planks":8,"minecraft:chest":3,"minecraft:rose_bush":1,"minecraft:tall_grass":4,"minecraft:cobblestone":1,"minecraft:deepslate_gold_ore":6,"minecraft:oak_planks":4,"minecraft:sugar_cane":1,"minecraft:diorite":7,"minecraft:ice":21,"minecraft:lilac":1,"minecraft:black_bed":2,"biomesoplenty:umbran_log":1,"biomesoplenty:fir_log":24,"minecraft:grass":19,"minecraft:oak_log":11,"minecraft:coal_ore":15,"biomesoplenty:fir_leaves":14,"minecraft:dirt":24,"minecraft:oak_leaves":2,"minecraft:deepslate":41,"minecraft:emerald_block":8,"minecraft:fern":7},"minecraft:custom":{"minecraft:mob_kills":96,"minecraft:interact_with_crafting_table":50,"minecraft:interact_with_campfire":28,"minecraft:leave_game":5,"minecraft:time_since_death":38444,"minecraft:sprint_one_cm":540717,"minecraft:walk_one_cm":260718,"minecraft:damage_blocked_by_shield":1700,"minecraft:drop":52,"minecraft:talked_to_villager":9,"minecraft:play_time":161916,"minecraft:sneak_time":4074,"minecraft:deaths":10,"minecraft:walk_under_water_one_cm":34904,"minecraft:boat_one_cm":219121,"minecraft:jump":3467,"minecraft:interact_with_blast_furnace":13,"minecraft:walk_on_water_one_cm":29504,"minecraft:total_world_time":161916,"minecraft:interact_with_furnace":54,"minecraft:sleep_in_bed":8,"minecraft:time_since_rest":1410,"minecraft:damage_taken":6274,"minecraft:damage_dealt":14105,"minecraft:swim_one_cm":97910,"minecraft:fly_one_cm":729901,"minecraft:open_chest":75,"minecraft:crouch_one_cm":9951,"minecraft:interact_with_smoker":9,"minecraft:fall_one_cm":118104},"minecraft:broken":{"minecraft:stone_pickaxe":1,"minecraft:golden_sword":1,"minecraft:stone_axe":1},"minecraft:dropped":{"minecraft:wheat_seeds":3,"minecraft:glow_ink_sac":8,"minecraft:cooked_porkchop":1,"biomesoplenty:lavender":2,"minecraft:feather":6,"biomesoplenty:black_sand":1,"biomesoplenty:fir_sapling":1,"minecraft:stick":6,"minecraft:dirt":15,"minecraft:diorite":7,"minecraft:torch":9,"minecraft:mutton":3,"minecraft:bone":1,"biomesoplenty:toadstool":1,"minecraft:stone_axe":1,"minecraft:cobbled_deepslate":3,"minecraft:tuff":1,"minecraft:rotten_flesh":8,"minecraft:oak_planks":1,"minecraft:cooked_mutton":3,"minecraft:potato":1,"minecraft:deepslate_tiles":1,"minecraft:andesite":2,"tconstruct:earth_slime_sapling":1,"minecraft:spider_eye":1,"minecraft:slime_ball":1,"minecraft:stone_pickaxe":2,"minecraft:wooden_pickaxe":2,"minecraft:egg":1},"minecraft:killed_by":{"minecraft:ghast":1,"minecraft:creeper":1,"minecraft:drowned":7,"minecraft:zombie":1},"minecraft:used":{"tconstruct:blood_slime_leaves":1,"tconstruct:earth_congealed_slime":1,"minecraft:rose_bush":1,"minecraft:chest":4,"minecraft:shield":27,"biomesoplenty:bramble":1,"minecraft:rotten_flesh":1,"minecraft:iron_chestplate":4,"minecraft:torch":14,"minecraft:dirt":12,"minecraft:lava_bucket":16,"minecraft:golden_sword":32,"minecraft:beef":2,"minecraft:oak_sapling":1,"minecraft:furnace":7,"biomesoplenty:fir_trapdoor":2,"minecraft:egg":1,"minecraft:cooked_beef":25,"minecraft:cobbled_deepslate":11,"minecraft:cooked_mutton":22,"minecraft:water_bucket":21,"minecraft:stone_pickaxe":205,"minecraft:oak_planks":18,"minecraft:wooden_pickaxe":6,"biomesoplenty:fir_boat":2,"biomesoplenty:fir_planks":27,"minecraft:crafting_table":14,"minecraft:red_bed":3,"minecraft:blast_furnace":6,"minecraft:white_bed":3,"minecraft:black_bed":3,"biomesoplenty:jacaranda_planks":5,"minecraft:smoker":3,"tconstruct:ichor_congealed_slime":2,"minecraft:apple":11,"minecraft:dark_oak_log":1,"minecraft:bread":1,"minecraft:iron_pickaxe":112,"minecraft:stone_axe":256,"minecraft:fire_charge":2,"minecraft:cobblestone":33,"minecraft:cooked_porkchop":2,"minecraft:bucket":38,"minecraft:oak_boat":1},"minecraft:crafted":{"biomesoplenty:fir_trapdoor":2,"minecraft:oak_planks":44,"minecraft:leather_boots":1,"minecraft:furnace":3,"minecraft:cooked_mutton":35,"minecraft:iron_boots":2,"minecraft:stone_pickaxe":2,"minecraft:chest":1,"tconstruct:ichor_congealed_slime":2,"tconstruct:earth_congealed_slime":2,"minecraft:stone_hoe":1,"minecraft:smoker":2,"minecraft:cooked_beef":29,"biomesoplenty:fir_boat":1,"minecraft:emerald":144,"biomesoplenty:jacaranda_planks":28,"minecraft:crafting_table":4,"minecraft:wooden_pickaxe":1,"minecraft:iron_helmet":1,"minecraft:bucket":2,"minecraft:stone_axe":5,"minecraft:air":0,"biomesoplenty:fir_planks":16,"minecraft:oak_boat":1,"minecraft:iron_chestplate":2,"minecraft:shield":1,"minecraft:stick":28,"minecraft:iron_ingot":55,"minecraft:iron_pickaxe":1,"minecraft:iron_leggings":1,"minecraft:white_bed":2,"minecraft:torch":8},"minecraft:picked_up":{"minecraft:iron_chestplate":2,"minecraft:crafting_table":12,"minecraft:chicken":4,"tconstruct:materials_and_you":1,"minecraft:wooden_pickaxe":1,"biomesoplenty:jacaranda_sapling":1,"minecraft:shield":3,"minecraft:string":9,"minecraft:red_bed":3,"minecraft:deepslate_tiles":2,"biomesoplenty:black_sand":1,"minecraft:cobbled_deepslate":75,"biomesoplenty:fir_planks":72,"minecraft:beef":52,"minecraft:rose_bush":1,"minecraft:iron_pickaxe":1,"minecraft:sugar_cane":14,"minecraft:chest":3,"minecraft:furnace":7,"minecraft:iron_boots":1,"minecraft:egg":2,"minecraft:stick":10,"minecraft:raw_iron":56,"minecraft:composter":1,"minecraft:torch":17,"minecraft:porkchop":5,"minecraft:diorite":7,"minecraft:carrot":1,"tconstruct:ichor_slime_ball":8,"minecraft:dark_oak_planks":2,"minecraft:arrow":9,"minecraft:rotten_flesh":16,"biomesoplenty:jacaranda_log":7,"tconstruct:earth_slime_sapling":3,"minecraft:mutton":99,"minecraft:white_wool":33,"minecraft:cobblestone":133,"biomesoplenty:lavender":2,"minecraft:feather":6,"minecraft:cooked_beef":39,"minecraft:andesite":2,"minecraft:glow_ink_sac":8,"tconstruct:greenheart_log":4,"minecraft:salmon":1,"minecraft:black_bed":3,"minecraft:leather":31,"minecraft:smoker":1,"biomesoplenty:fir_sapling":1,"biomesoplenty:fir_log":58,"minecraft:tuff":1,"minecraft:oak_log":32,"minecraft:lapis_lazuli":51,"minecraft:dirt":27,"minecraft:cooked_mutton":22,"minecraft:bone":11,"minecraft:wheat_seeds":3,"biomesoplenty:fir_boat":1,"minecraft:raw_gold":6,"minecraft:cooked_chicken":4,"minecraft:stone_pickaxe":3,"minecraft:oak_planks":24,"biomesoplenty:umbran_log":2,"biomesoplenty:toadstool":1,"minecraft:emerald_block":16,"minecraft:cooked_porkchop":3,"minecraft:blast_furnace":6,"minecraft:white_bed":1,"minecraft:dark_oak_log":1,"minecraft:spider_eye":1,"biomesoplenty:bramble":1,"minecraft:slime_ball":9,"minecraft:diamond":2,"minecraft:stone_axe":4,"tconstruct:blood_slime_leaves":1,"minecraft:oak_sapling":2,"minecraft:coal":34}},"DataVersion":3120}