{"stats":{"minecraft:killed":{"minecraft:pig":1,"minecraft:iron_golem":1,"minecraft:sheep":19,"minecraft:zombie":2,"minecraft:chicken":4,"minecraft:drowned":1,"minecraft:cow":14},"minecraft:mined":{"minecraft:dark_oak_log":1,"minecraft:crafting_table":2,"minecraft:grass_block":1,"minecraft:rose_bush":1,"minecraft:tall_grass":1,"biomesoplenty:jacaranda_log":7,"biomesoplenty:toadstool":1,"biomesoplenty:lavender":2,"minecraft:black_bed":1,"biomesoplenty:fir_log":24,"minecraft:grass":6,"minecraft:coal_ore":12,"minecraft:oak_log":7,"biomesoplenty:fir_leaves":14,"minecraft:dirt":5,"minecraft:stone":10,"minecraft:oak_leaves":2,"minecraft:fern":4},"minecraft:custom":{"minecraft:interact_with_furnace":1,"minecraft:mob_kills":40,"minecraft:interact_with_crafting_table":7,"minecraft:interact_with_campfire":8,"minecraft:leave_game":3,"minecraft:time_since_death":31402,"minecraft:sleep_in_bed":3,"minecraft:time_since_rest":5969,"minecraft:sprint_one_cm":160426,"minecraft:damage_taken":686,"minecraft:walk_one_cm":56606,"minecraft:drop":6,"minecraft:damage_dealt":4317,"minecraft:swim_one_cm":24704,"minecraft:talked_to_villager":1,"minecraft:fly_one_cm":160752,"minecraft:open_chest":5,"minecraft:crouch_one_cm":1319,"minecraft:play_time":35844,"minecraft:deaths":1,"minecraft:sneak_time":787,"minecraft:walk_under_water_one_cm":1704,"minecraft:boat_one_cm":115799,"minecraft:jump":750,"minecraft:walk_on_water_one_cm":4742,"minecraft:interact_with_smoker":1,"minecraft:total_world_time":35844,"minecraft:fall_one_cm":20707},"minecraft:dropped":{"biomesoplenty:toadstool":1,"minecraft:stone_axe":1,"minecraft:cooked_porkchop":1,"minecraft:wooden_pickaxe":1,"minecraft:stone_pickaxe":2},"minecraft:killed_by":{"minecraft:creeper":1},"minecraft:crafted":{"minecraft:oak_planks":40,"minecraft:crafting_table":1,"minecraft:wooden_pickaxe":1,"minecraft:stone_axe":2,"minecraft:oak_boat":1,"minecraft:stick":12,"minecraft:stone_pickaxe":1},"minecraft:used":{"minecraft:rose_bush":1,"minecraft:stone_pickaxe":19,"minecraft:wooden_pickaxe":6,"minecraft:dirt":5,"minecraft:crafting_table":3,"minecraft:black_bed":1,"minecraft:apple":9,"minecraft:dark_oak_log":1,"minecraft:stone_axe":106,"minecraft:golden_sword":15,"minecraft:oak_sapling":1,"minecraft:cooked_porkchop":2,"minecraft:oak_boat":1,"minecraft:egg":1,"minecraft:cooked_beef":2},"minecraft:picked_up":{"biomesoplenty:lavender":2,"minecraft:crafting_table":3,"minecraft:feather":6,"minecraft:cooked_beef":8,"minecraft:chicken":4,"minecraft:black_bed":2,"minecraft:leather":14,"tconstruct:materials_and_you":1,"minecraft:wooden_pickaxe":1,"biomesoplenty:fir_sapling":1,"biomesoplenty:fir_log":18,"minecraft:oak_log":10,"minecraft:shield":1,"minecraft:dirt":10,"minecraft:beef":33,"minecraft:stone_pickaxe":2,"minecraft:rose_bush":1,"minecraft:oak_planks":21,"minecraft:egg":1,"biomesoplenty:toadstool":1,"minecraft:stick":8,"minecraft:cooked_porkchop":3,"minecraft:porkchop":5,"minecraft:dark_oak_log":1,"biomesoplenty:jacaranda_log":7,"minecraft:oak_sapling":2,"minecraft:mutton":30,"minecraft:coal":10,"minecraft:white_wool":17,"minecraft:cobblestone":16}},"DataVersion":3120}