{"stats":{"minecraft:killed":{"minecraft:pig":1,"minecraft:spider":3,"minecraft:iron_golem":1,"minecraft:skeleton":2,"minecraft:sheep":19,"minecraft:zombie":12,"minecraft:chicken":4,"minecraft:drowned":1,"minecraft:cow":14},"minecraft:mined":{"minecraft:dark_oak_log":1,"minecraft:crafting_table":4,"biomesoplenty:fir_planks":2,"minecraft:grass_block":1,"minecraft:rose_bush":1,"minecraft:tall_grass":1,"biomesoplenty:jacaranda_log":7,"minecraft:furnace":2,"biomesoplenty:toadstool":1,"biomesoplenty:lavender":2,"minecraft:black_bed":1,"minecraft:deepslate_lapis_ore":7,"biomesoplenty:fir_log":24,"minecraft:grass":6,"minecraft:oak_log":7,"minecraft:coal_ore":12,"minecraft:deepslate_iron_ore":14,"biomesoplenty:fir_leaves":14,"minecraft:dirt":5,"minecraft:stone":10,"minecraft:oak_leaves":2,"minecraft:deepslate":10,"minecraft:fern":4},"minecraft:custom":{"minecraft:interact_with_furnace":22,"minecraft:mob_kills":55,"minecraft:interact_with_crafting_table":13,"minecraft:interact_with_campfire":8,"minecraft:leave_game":4,"minecraft:time_since_death":53618,"minecraft:sleep_in_bed":3,"minecraft:time_since_rest":28185,"minecraft:sprint_one_cm":225316,"minecraft:damage_taken":1637,"minecraft:walk_one_cm":100628,"minecraft:damage_blocked_by_shield":680,"minecraft:drop":19,"minecraft:damage_dealt":7163,"minecraft:swim_one_cm":26301,"minecraft:talked_to_villager":1,"minecraft:fly_one_cm":248414,"minecraft:open_chest":5,"minecraft:crouch_one_cm":5448,"minecraft:play_time":58060,"minecraft:deaths":1,"minecraft:sneak_time":2084,"minecraft:walk_under_water_one_cm":2562,"minecraft:boat_one_cm":115799,"minecraft:jump":1210,"minecraft:walk_on_water_one_cm":9490,"minecraft:interact_with_smoker":3,"minecraft:total_world_time":58060,"minecraft:fall_one_cm":35246},"minecraft:broken":{"minecraft:golden_sword":1},"minecraft:dropped":{"biomesoplenty:toadstool":1,"minecraft:stone_axe":1,"minecraft:cooked_porkchop":1,"biomesoplenty:lavender":2,"minecraft:feather":6,"minecraft:rotten_flesh":5,"minecraft:oak_planks":1,"biomesoplenty:fir_sapling":1,"minecraft:stick":6,"minecraft:dirt":5,"minecraft:spider_eye":1,"minecraft:wooden_pickaxe":1,"minecraft:stone_pickaxe":2,"minecraft:bone":1},"minecraft:killed_by":{"minecraft:creeper":1},"minecraft:used":{"minecraft:cooked_mutton":2,"minecraft:water_bucket":5,"minecraft:rose_bush":1,"minecraft:stone_pickaxe":53,"minecraft:oak_planks":14,"minecraft:wooden_pickaxe":6,"minecraft:shield":7,"minecraft:torch":8,"minecraft:iron_chestplate":1,"minecraft:dirt":5,"minecraft:crafting_table":5,"minecraft:black_bed":2,"minecraft:smoker":1,"minecraft:apple":9,"minecraft:dark_oak_log":1,"minecraft:stone_axe":136,"minecraft:golden_sword":32,"minecraft:fire_charge":1,"minecraft:furnace":3,"minecraft:oak_sapling":1,"minecraft:cooked_porkchop":2,"minecraft:bucket":6,"minecraft:oak_boat":1,"minecraft:egg":1,"minecraft:cobbled_deepslate":10,"minecraft:cooked_beef":12},"minecraft:crafted":{"minecraft:cooked_beef":2,"minecraft:oak_planks":44,"minecraft:crafting_table":1,"minecraft:wooden_pickaxe":1,"minecraft:furnace":1,"minecraft:bucket":1,"minecraft:stone_axe":2,"minecraft:cooked_mutton":20,"minecraft:air":0,"minecraft:oak_boat":1,"minecraft:iron_chestplate":1,"minecraft:stick":12,"minecraft:iron_ingot":11,"minecraft:stone_pickaxe":1,"minecraft:smoker":1},"minecraft:picked_up":{"biomesoplenty:lavender":2,"minecraft:crafting_table":5,"minecraft:feather":6,"minecraft:cooked_beef":10,"minecraft:chicken":4,"minecraft:black_bed":2,"minecraft:leather":14,"tconstruct:materials_and_you":1,"minecraft:wooden_pickaxe":1,"biomesoplenty:fir_sapling":1,"biomesoplenty:fir_log":18,"minecraft:oak_log":11,"minecraft:shield":1,"minecraft:lapis_lazuli":42,"minecraft:string":9,"minecraft:dirt":10,"minecraft:bone":1,"minecraft:cobbled_deepslate":19,"biomesoplenty:fir_planks":3,"minecraft:beef":33,"minecraft:stone_pickaxe":2,"minecraft:rose_bush":1,"minecraft:oak_planks":21,"minecraft:egg":1,"minecraft:furnace":3,"biomesoplenty:toadstool":1,"minecraft:stick":8,"minecraft:raw_iron":14,"minecraft:cooked_porkchop":3,"minecraft:torch":13,"minecraft:porkchop":5,"minecraft:dark_oak_log":1,"minecraft:spider_eye":1,"minecraft:rotten_flesh":5,"minecraft:arrow":1,"biomesoplenty:jacaranda_log":7,"minecraft:oak_sapling":2,"minecraft:mutton":30,"minecraft:coal":14,"minecraft:white_wool":17,"minecraft:cobblestone":16}},"DataVersion":3120}