{"stats":{"minecraft:mined":{"minecraft:oak_log":5,"minecraft:stone":6},"minecraft:used":{"minecraft:crafting_table":1,"minecraft:wooden_pickaxe":6},"minecraft:picked_up":{"minecraft:oak_log":8,"minecraft:oak_sapling":1,"minecraft:cobblestone":6},"minecraft:crafted":{"minecraft:oak_planks":32,"minecraft:crafting_table":1,"minecraft:stick":8,"minecraft:wooden_pickaxe":1},"minecraft:custom":{"minecraft:time_since_rest":4163,"minecraft:crouch_one_cm":303,"minecraft:sprint_one_cm":7021,"minecraft:play_time":4163,"minecraft:damage_taken":30,"minecraft:walk_one_cm":4438,"minecraft:sneak_time":116,"minecraft:jump":50,"minecraft:damage_dealt":10,"minecraft:leave_game":3,"minecraft:time_since_death":4163,"minecraft:total_world_time":4163,"minecraft:interact_with_crafting_table":1,"minecraft:fall_one_cm":2814,"minecraft:fly_one_cm":5780}},"DataVersion":3120}