{"stats":{"minecraft:mined":{"minecraft:oak_log":5,"minecraft:stone":1},"minecraft:used":{"minecraft:crafting_table":1,"minecraft:wooden_pickaxe":1},"minecraft:picked_up":{"minecraft:oak_log":8,"minecraft:cobblestone":1},"minecraft:crafted":{"minecraft:oak_planks":32,"minecraft:crafting_table":1,"minecraft:stick":8,"minecraft:wooden_pickaxe":1},"minecraft:custom":{"minecraft:time_since_rest":3307,"minecraft:crouch_one_cm":303,"minecraft:sprint_one_cm":4591,"minecraft:play_time":3307,"minecraft:damage_taken":30,"minecraft:walk_one_cm":3220,"minecraft:sneak_time":116,"minecraft:jump":29,"minecraft:damage_dealt":10,"minecraft:leave_game":2,"minecraft:time_since_death":3307,"minecraft:total_world_time":3307,"minecraft:interact_with_crafting_table":1,"minecraft:fall_one_cm":1591,"minecraft:fly_one_cm":2869}},"DataVersion":3120}