{"stats":{"minecraft:killed":{"minecraft:pig":1,"minecraft:iron_golem":1,"minecraft:sheep":19,"minecraft:zombie":5,"minecraft:chicken":4,"minecraft:drowned":1,"minecraft:cow":14},"minecraft:mined":{"minecraft:dark_oak_log":1,"minecraft:crafting_table":4,"minecraft:grass_block":1,"minecraft:rose_bush":1,"minecraft:tall_grass":1,"biomesoplenty:jacaranda_log":7,"minecraft:furnace":2,"biomesoplenty:toadstool":1,"biomesoplenty:lavender":2,"minecraft:black_bed":1,"minecraft:deepslate_lapis_ore":7,"biomesoplenty:fir_log":24,"minecraft:grass":6,"minecraft:coal_ore":12,"minecraft:oak_log":7,"minecraft:deepslate_iron_ore":11,"biomesoplenty:fir_leaves":14,"minecraft:dirt":5,"minecraft:stone":10,"minecraft:deepslate":10,"minecraft:oak_leaves":2,"minecraft:fern":4},"minecraft:custom":{"minecraft:interact_with_furnace":10,"minecraft:mob_kills":43,"minecraft:interact_with_crafting_table":13,"minecraft:interact_with_campfire":8,"minecraft:leave_game":4,"minecraft:time_since_death":44276,"minecraft:sleep_in_bed":3,"minecraft:time_since_rest":18843,"minecraft:sprint_one_cm":189458,"minecraft:damage_taken":1089,"minecraft:walk_one_cm":76309,"minecraft:damage_blocked_by_shield":465,"minecraft:drop":7,"minecraft:damage_dealt":4934,"minecraft:swim_one_cm":26301,"minecraft:talked_to_villager":1,"minecraft:fly_one_cm":180709,"minecraft:open_chest":5,"minecraft:crouch_one_cm":4133,"minecraft:play_time":48718,"minecraft:deaths":1,"minecraft:sneak_time":1740,"minecraft:walk_under_water_one_cm":2562,"minecraft:boat_one_cm":115799,"minecraft:jump":944,"minecraft:walk_on_water_one_cm":9487,"minecraft:interact_with_smoker":3,"minecraft:total_world_time":48718,"minecraft:fall_one_cm":27014},"minecraft:dropped":{"biomesoplenty:toadstool":1,"minecraft:stone_axe":1,"minecraft:cooked_porkchop":1,"minecraft:oak_planks":1,"minecraft:wooden_pickaxe":1,"minecraft:stone_pickaxe":2},"minecraft:killed_by":{"minecraft:creeper":1},"minecraft:used":{"minecraft:water_bucket":4,"minecraft:rose_bush":1,"minecraft:stone_pickaxe":49,"minecraft:oak_planks":14,"minecraft:shield":2,"minecraft:wooden_pickaxe":6,"minecraft:iron_chestplate":1,"minecraft:dirt":5,"minecraft:crafting_table":5,"minecraft:black_bed":2,"minecraft:smoker":1,"minecraft:apple":9,"minecraft:dark_oak_log":1,"minecraft:stone_axe":108,"minecraft:fire_charge":1,"minecraft:golden_sword":29,"minecraft:furnace":2,"minecraft:oak_sapling":1,"minecraft:cooked_porkchop":2,"minecraft:bucket":5,"minecraft:oak_boat":1,"minecraft:egg":1,"minecraft:cooked_beef":7},"minecraft:crafted":{"minecraft:cooked_beef":2,"minecraft:oak_planks":44,"minecraft:crafting_table":1,"minecraft:wooden_pickaxe":1,"minecraft:furnace":1,"minecraft:bucket":1,"minecraft:stone_axe":2,"minecraft:air":0,"minecraft:oak_boat":1,"minecraft:iron_chestplate":1,"minecraft:stick":12,"minecraft:iron_ingot":11,"minecraft:stone_pickaxe":1,"minecraft:smoker":1},"minecraft:picked_up":{"biomesoplenty:lavender":2,"minecraft:crafting_table":5,"minecraft:feather":6,"minecraft:cooked_beef":8,"minecraft:chicken":4,"minecraft:black_bed":2,"minecraft:leather":14,"tconstruct:materials_and_you":1,"minecraft:wooden_pickaxe":1,"biomesoplenty:fir_sapling":1,"biomesoplenty:fir_log":18,"minecraft:oak_log":11,"minecraft:shield":1,"minecraft:lapis_lazuli":42,"minecraft:dirt":10,"minecraft:cobbled_deepslate":14,"minecraft:beef":33,"minecraft:stone_pickaxe":2,"minecraft:rose_bush":1,"minecraft:oak_planks":21,"minecraft:furnace":3,"minecraft:egg":1,"biomesoplenty:toadstool":1,"minecraft:stick":8,"minecraft:raw_iron":11,"minecraft:cooked_porkchop":3,"minecraft:porkchop":5,"minecraft:dark_oak_log":1,"biomesoplenty:jacaranda_log":7,"minecraft:oak_sapling":2,"minecraft:mutton":30,"minecraft:coal":10,"minecraft:white_wool":17,"minecraft:cobblestone":16}},"DataVersion":3120}