{"stats":{"minecraft:killed":{"minecraft:spider":3,"minecraft:skeleton":5,"minecraft:chicken":4,"minecraft:drowned":4,"minecraft:pig":1,"minecraft:iron_golem":1,"minecraft:sheep":21,"minecraft:pillager":6,"minecraft:zombie":25,"minecraft:cow":22},"minecraft:mined":{"minecraft:dark_oak_planks":2,"minecraft:deepslate_tiles":1,"minecraft:tuff":1,"minecraft:white_bed":1,"minecraft:deepslate_diamond_ore":2,"minecraft:dark_oak_log":1,"biomesoplenty:bramble":1,"tconstruct:earth_slime_tall_grass":2,"minecraft:grass_block":2,"biomesoplenty:dead_grass":1,"biomesoplenty:jacaranda_log":7,"minecraft:furnace":6,"biomesoplenty:toadstool":1,"minecraft:iron_ore":28,"minecraft:cobbled_deepslate":2,"minecraft:fire":3,"biomesoplenty:lavender":2,"minecraft:andesite":2,"minecraft:deepslate_lapis_ore":7,"minecraft:deepslate_iron_ore":28,"tconstruct:blood_slime_leaves":1,"minecraft:stone":135,"tconstruct:earth_congealed_slime":2,"tconstruct:ichor_congealed_slime":3,"biomesoplenty:black_sand":1,"minecraft:powder_snow":6,"minecraft:crafting_table":11,"biomesoplenty:fir_planks":8,"minecraft:chest":3,"minecraft:rose_bush":1,"minecraft:cobblestone":1,"minecraft:tall_grass":1,"minecraft:deepslate_gold_ore":6,"minecraft:diorite":7,"minecraft:ice":21,"minecraft:black_bed":2,"biomesoplenty:umbran_log":1,"biomesoplenty:fir_log":24,"minecraft:grass":13,"minecraft:coal_ore":12,"minecraft:oak_log":7,"biomesoplenty:fir_leaves":14,"minecraft:dirt":16,"minecraft:emerald_block":8,"minecraft:oak_leaves":2,"minecraft:deepslate":41,"minecraft:fern":7},"minecraft:custom":{"minecraft:mob_kills":91,"minecraft:interact_with_crafting_table":41,"minecraft:interact_with_campfire":8,"minecraft:leave_game":5,"minecraft:time_since_death":14787,"minecraft:sprint_one_cm":473981,"minecraft:walk_one_cm":222234,"minecraft:damage_blocked_by_shield":1700,"minecraft:drop":47,"minecraft:talked_to_villager":1,"minecraft:play_time":138259,"minecraft:deaths":10,"minecraft:sneak_time":3791,"minecraft:walk_under_water_one_cm":34426,"minecraft:boat_one_cm":219121,"minecraft:jump":3036,"minecraft:walk_on_water_one_cm":28927,"minecraft:total_world_time":138259,"minecraft:interact_with_furnace":54,"minecraft:sleep_in_bed":6,"minecraft:time_since_rest":14813,"minecraft:damage_taken":6004,"minecraft:damage_dealt":13556,"minecraft:swim_one_cm":96102,"minecraft:fly_one_cm":647540,"minecraft:open_chest":61,"minecraft:crouch_one_cm":9309,"minecraft:interact_with_smoker":6,"minecraft:fall_one_cm":98309},"minecraft:broken":{"minecraft:stone_pickaxe":1,"minecraft:golden_sword":1,"minecraft:stone_axe":1},"minecraft:dropped":{"minecraft:wheat_seeds":2,"minecraft:glow_ink_sac":8,"minecraft:cooked_porkchop":1,"biomesoplenty:lavender":2,"minecraft:feather":6,"biomesoplenty:black_sand":1,"biomesoplenty:fir_sapling":1,"minecraft:stick":6,"minecraft:dirt":13,"minecraft:diorite":7,"minecraft:torch":7,"minecraft:mutton":3,"minecraft:bone":1,"biomesoplenty:toadstool":1,"minecraft:stone_axe":1,"minecraft:cobbled_deepslate":3,"minecraft:tuff":1,"minecraft:rotten_flesh":8,"minecraft:oak_planks":1,"minecraft:cooked_mutton":3,"minecraft:deepslate_tiles":1,"minecraft:andesite":2,"tconstruct:earth_slime_sapling":1,"minecraft:spider_eye":1,"minecraft:slime_ball":1,"minecraft:stone_pickaxe":2,"minecraft:wooden_pickaxe":2,"minecraft:egg":1},"minecraft:killed_by":{"minecraft:ghast":1,"minecraft:creeper":1,"minecraft:drowned":7,"minecraft:zombie":1},"minecraft:crafted":{"minecraft:oak_planks":44,"minecraft:leather_boots":1,"minecraft:furnace":3,"minecraft:cooked_mutton":35,"minecraft:iron_boots":1,"minecraft:stone_pickaxe":2,"minecraft:chest":1,"tconstruct:ichor_congealed_slime":2,"tconstruct:earth_congealed_slime":2,"minecraft:smoker":1,"minecraft:cooked_beef":25,"biomesoplenty:fir_boat":1,"biomesoplenty:jacaranda_planks":28,"minecraft:crafting_table":4,"minecraft:wooden_pickaxe":1,"minecraft:bucket":1,"minecraft:stone_axe":5,"minecraft:air":0,"biomesoplenty:fir_planks":16,"minecraft:oak_boat":1,"minecraft:iron_chestplate":2,"minecraft:shield":1,"minecraft:stick":24,"minecraft:iron_ingot":26,"minecraft:iron_pickaxe":1,"minecraft:white_bed":1,"minecraft:torch":8},"minecraft:used":{"tconstruct:blood_slime_leaves":1,"tconstruct:earth_congealed_slime":1,"minecraft:rose_bush":1,"minecraft:chest":3,"minecraft:shield":27,"biomesoplenty:bramble":1,"minecraft:rotten_flesh":1,"minecraft:iron_chestplate":4,"minecraft:torch":14,"minecraft:dirt":6,"minecraft:lava_bucket":16,"minecraft:golden_sword":32,"minecraft:beef":2,"minecraft:oak_sapling":1,"minecraft:furnace":7,"minecraft:egg":1,"minecraft:cooked_beef":23,"minecraft:cobbled_deepslate":11,"minecraft:cooked_mutton":20,"minecraft:water_bucket":15,"minecraft:stone_pickaxe":205,"minecraft:oak_planks":17,"minecraft:wooden_pickaxe":6,"biomesoplenty:fir_planks":27,"biomesoplenty:fir_boat":2,"minecraft:crafting_table":14,"minecraft:white_bed":2,"minecraft:black_bed":3,"minecraft:smoker":1,"biomesoplenty:jacaranda_planks":5,"tconstruct:ichor_congealed_slime":2,"minecraft:apple":9,"minecraft:dark_oak_log":1,"minecraft:iron_pickaxe":101,"minecraft:stone_axe":237,"minecraft:fire_charge":2,"minecraft:cobblestone":25,"minecraft:cooked_porkchop":2,"minecraft:bucket":31,"minecraft:oak_boat":1},"minecraft:picked_up":{"minecraft:iron_chestplate":2,"minecraft:crafting_table":12,"minecraft:chicken":4,"tconstruct:materials_and_you":1,"minecraft:wooden_pickaxe":1,"biomesoplenty:jacaranda_sapling":1,"minecraft:shield":3,"minecraft:string":9,"minecraft:deepslate_tiles":2,"biomesoplenty:black_sand":1,"minecraft:cobbled_deepslate":75,"biomesoplenty:fir_planks":72,"minecraft:beef":49,"minecraft:rose_bush":1,"minecraft:iron_pickaxe":1,"minecraft:sugar_cane":11,"minecraft:chest":3,"minecraft:iron_boots":1,"minecraft:furnace":7,"minecraft:egg":2,"minecraft:raw_iron":56,"minecraft:stick":10,"minecraft:torch":15,"minecraft:porkchop":5,"minecraft:diorite":7,"minecraft:carrot":1,"tconstruct:ichor_slime_ball":8,"minecraft:dark_oak_planks":2,"minecraft:arrow":9,"minecraft:rotten_flesh":16,"biomesoplenty:jacaranda_log":7,"tconstruct:earth_slime_sapling":3,"minecraft:mutton":94,"minecraft:cobblestone":132,"minecraft:white_wool":30,"biomesoplenty:lavender":2,"minecraft:feather":6,"minecraft:cooked_beef":26,"minecraft:salmon":1,"minecraft:glow_ink_sac":8,"tconstruct:greenheart_log":4,"minecraft:andesite":2,"minecraft:black_bed":3,"minecraft:leather":30,"biomesoplenty:fir_sapling":1,"biomesoplenty:fir_log":58,"minecraft:tuff":1,"minecraft:oak_log":28,"minecraft:lapis_lazuli":51,"minecraft:dirt":21,"minecraft:cooked_mutton":6,"minecraft:bone":11,"minecraft:wheat_seeds":2,"biomesoplenty:fir_boat":1,"minecraft:raw_gold":6,"minecraft:stone_pickaxe":3,"biomesoplenty:umbran_log":2,"minecraft:oak_planks":21,"biomesoplenty:toadstool":1,"minecraft:emerald_block":16,"minecraft:cooked_porkchop":3,"minecraft:blast_furnace":2,"minecraft:white_bed":1,"minecraft:dark_oak_log":1,"minecraft:spider_eye":1,"biomesoplenty:bramble":1,"minecraft:slime_ball":9,"minecraft:diamond":2,"minecraft:stone_axe":4,"tconstruct:blood_slime_leaves":1,"minecraft:oak_sapling":2,"minecraft:coal":24}},"DataVersion":3120}