{"stats":{"minecraft:killed":{"minecraft:sheep":19,"minecraft:pig":1,"minecraft:chicken":4,"minecraft:drowned":1,"minecraft:cow":7},"minecraft:mined":{"biomesoplenty:jacaranda_log":7,"biomesoplenty:toadstool":1,"biomesoplenty:lavender":2,"minecraft:dark_oak_log":1,"minecraft:black_bed":1,"biomesoplenty:fir_log":24,"minecraft:crafting_table":2,"minecraft:grass":6,"minecraft:grass_block":1,"minecraft:oak_log":7,"biomesoplenty:fir_leaves":14,"minecraft:rose_bush":1,"minecraft:dirt":4,"minecraft:stone":9,"minecraft:oak_leaves":1,"minecraft:fern":4},"minecraft:custom":{"minecraft:time_since_rest":14824,"minecraft:sprint_one_cm":101248,"minecraft:damage_taken":370,"minecraft:walk_one_cm":31590,"minecraft:mob_kills":32,"minecraft:drop":5,"minecraft:damage_dealt":2697,"minecraft:swim_one_cm":9219,"minecraft:interact_with_crafting_table":5,"minecraft:fly_one_cm":110752,"minecraft:crouch_one_cm":779,"minecraft:play_time":23844,"minecraft:deaths":1,"minecraft:sneak_time":586,"minecraft:walk_under_water_one_cm":969,"minecraft:boat_one_cm":93095,"minecraft:jump":500,"minecraft:leave_game":3,"minecraft:walk_on_water_one_cm":977,"minecraft:time_since_death":19402,"minecraft:sleep_in_bed":1,"minecraft:total_world_time":23844,"minecraft:fall_one_cm":14800},"minecraft:dropped":{"minecraft:stone_axe":1,"biomesoplenty:toadstool":1,"minecraft:cooked_porkchop":1,"minecraft:stone_pickaxe":2},"minecraft:killed_by":{"minecraft:creeper":1},"minecraft:used":{"minecraft:rose_bush":1,"minecraft:dark_oak_log":1,"minecraft:stone_pickaxe":5,"minecraft:wooden_pickaxe":6,"minecraft:stone_axe":96,"minecraft:dirt":5,"minecraft:crafting_table":3,"minecraft:oak_sapling":1,"minecraft:cooked_porkchop":2,"minecraft:oak_boat":1,"minecraft:egg":1,"minecraft:black_bed":1},"minecraft:crafted":{"minecraft:oak_boat":1,"minecraft:oak_planks":40,"minecraft:crafting_table":1,"minecraft:stick":12,"minecraft:wooden_pickaxe":1,"minecraft:stone_pickaxe":1,"minecraft:stone_axe":2},"minecraft:picked_up":{"biomesoplenty:toadstool":1,"biomesoplenty:lavender":2,"minecraft:stick":8,"minecraft:crafting_table":3,"minecraft:feather":6,"minecraft:chicken":4,"minecraft:cooked_porkchop":3,"minecraft:black_bed":2,"minecraft:leather":9,"tconstruct:materials_and_you":1,"minecraft:wooden_pickaxe":1,"biomesoplenty:fir_sapling":1,"biomesoplenty:fir_log":18,"minecraft:porkchop":5,"minecraft:oak_log":10,"minecraft:dark_oak_log":1,"minecraft:dirt":5,"biomesoplenty:jacaranda_log":7,"minecraft:beef":16,"minecraft:stone_pickaxe":2,"minecraft:rose_bush":1,"minecraft:oak_sapling":2,"minecraft:mutton":30,"minecraft:oak_planks":21,"minecraft:white_wool":17,"minecraft:cobblestone":15,"minecraft:egg":1}},"DataVersion":3120}