{"stats":{"minecraft:killed":{"minecraft:cave_spider":3,"minecraft:spider":1,"minecraft:pig":3,"minecraft:iron_golem":1,"minecraft:sheep":13,"minecraft:pillager":2,"minecraft:zombie":6,"minecraft:cow":12},"minecraft:mined":{"biomesoplenty:spanish_moss":4,"minecraft:red_carpet":2,"minecraft:white_bed":4,"tconstruct:sky_slime_crystal_block":6,"minecraft:mangrove_roots":11,"biomesoplenty:bush":2,"minecraft:grass_block":6,"minecraft:mangrove_fence":6,"minecraft:mud_bricks":2,"minecraft:hopper":6,"minecraft:spawner":2,"minecraft:furnace":6,"minecraft:iron_ore":10,"minecraft:bookshelf":18,"minecraft:bamboo":2,"minecraft:stone":50,"minecraft:iron_block":17,"minecraft:white_wool":6,"minecraft:red_bed":2,"minecraft:smoker":1,"minecraft:oak_fence":1,"minecraft:crafting_table":8,"minecraft:calcite":5,"minecraft:tall_grass":2,"minecraft:cobblestone":9,"minecraft:oak_planks":7,"minecraft:seagrass":2,"minecraft:birch_log":5,"minecraft:grass":7,"minecraft:oak_log":26,"minecraft:coal_ore":99,"minecraft:gravel":7,"minecraft:dirt":7,"minecraft:cobweb":25,"minecraft:oak_leaves":12},"minecraft:custom":{"minecraft:mob_kills":40,"minecraft:inspect_hopper":3,"minecraft:interact_with_crafting_table":22,"minecraft:leave_game":2,"minecraft:climb_one_cm":7617,"minecraft:time_since_death":62746,"minecraft:sprint_one_cm":287385,"minecraft:walk_one_cm":176549,"minecraft:damage_blocked_by_shield":50,"minecraft:drop":52,"minecraft:talked_to_villager":2,"minecraft:play_time":83433,"minecraft:deaths":1,"minecraft:sneak_time":3977,"minecraft:walk_under_water_one_cm":11471,"minecraft:boat_one_cm":33856,"minecraft:jump":1907,"minecraft:walk_on_water_one_cm":29418,"minecraft:total_world_time":83433,"minecraft:interact_with_furnace":26,"minecraft:sleep_in_bed":7,"minecraft:time_since_rest":679,"minecraft:waystone_activated":1,"minecraft:damage_taken":1599,"minecraft:damage_dealt":5579,"minecraft:fly_one_cm":370190,"minecraft:swim_one_cm":78346,"minecraft:open_chest":12,"minecraft:crouch_one_cm":11965,"minecraft:fall_one_cm":46166},"minecraft:broken":{"minecraft:stone_pickaxe":1},"minecraft:dropped":{"minecraft:enchanted_book":1,"minecraft:cooked_beef":2,"minecraft:crafting_table":1,"minecraft:cobblestone":5,"minecraft:lead":1,"minecraft:dirt":2,"tconstruct:materials_and_you":1,"minecraft:wooden_axe":1,"biomesoplenty:spanish_moss":1,"minecraft:white_banner":1,"minecraft:string":1,"minecraft:white_wool":4,"minecraft:iron_nugget":12,"minecraft:rotten_flesh":8,"minecraft:light_gray_wool":2,"minecraft:oak_planks":3,"minecraft:white_bed":2,"minecraft:poppy":2,"minecraft:iron_chestplate":2,"minecraft:beetroot_seeds":2,"minecraft:wooden_shovel":1,"minecraft:spider_eye":1,"minecraft:wooden_pickaxe":3,"minecraft:black_wool":1},"minecraft:killed_by":{"minecraft:creeper":1},"minecraft:crafted":{"minecraft:oak_planks":72,"minecraft:birch_boat":1,"minecraft:furnace":2,"minecraft:iron_boots":1,"minecraft:iron_axe":1,"minecraft:stone_pickaxe":2,"minecraft:chest":1,"minecraft:cooked_beef":13,"minecraft:cooked_porkchop":1,"minecraft:crafting_table":4,"minecraft:wooden_pickaxe":2,"minecraft:iron_helmet":1,"minecraft:bucket":1,"minecraft:birch_planks":20,"minecraft:stone_axe":2,"minecraft:air":0,"minecraft:iron_chestplate":1,"minecraft:shield":2,"minecraft:stick":40,"minecraft:iron_ingot":184,"minecraft:iron_pickaxe":1,"minecraft:wooden_axe":1,"minecraft:stone_sword":1,"minecraft:iron_leggings":1,"minecraft:white_bed":1,"minecraft:torch":32},"minecraft:used":{"minecraft:oak_fence":1,"minecraft:stone_sword":50,"minecraft:chest":1,"minecraft:shield":1,"minecraft:iron_chestplate":1,"minecraft:torch":7,"minecraft:dirt":11,"minecraft:wooden_axe":34,"minecraft:mud_bricks":2,"minecraft:red_carpet":2,"minecraft:beef":1,"minecraft:furnace":5,"minecraft:cooked_beef":15,"minecraft:water_bucket":10,"minecraft:stone_pickaxe":150,"minecraft:oak_planks":22,"minecraft:wooden_pickaxe":34,"minecraft:birch_boat":1,"minecraft:white_wool":5,"minecraft:crafting_table":9,"minecraft:red_bed":1,"minecraft:white_bed":3,"minecraft:mud":1,"minecraft:bread":2,"minecraft:iron_pickaxe":37,"minecraft:gravel":6,"minecraft:stone_axe":106,"minecraft:cobblestone":17,"minecraft:cooked_porkchop":1,"minecraft:porkchop":4,"minecraft:bucket":11,"minecraft:experience_bottle":1},"minecraft:picked_up":{"minecraft:crafting_table":8,"minecraft:mud":1,"minecraft:iron_chestplate":2,"tconstruct:materials_and_you":1,"minecraft:wooden_pickaxe":1,"minecraft:string":50,"minecraft:red_bed":2,"biomesoplenty:spanish_moss":2,"minecraft:beef":53,"minecraft:calcite":5,"minecraft:wooden_shovel":1,"minecraft:iron_nugget":12,"minecraft:poppy":2,"minecraft:light_gray_wool":2,"minecraft:furnace":7,"minecraft:stick":5,"minecraft:raw_iron":10,"minecraft:oak_fence":1,"minecraft:torch":1,"minecraft:porkchop":9,"minecraft:rotten_flesh":11,"minecraft:iron_block":19,"minecraft:mangrove_roots":8,"minecraft:mutton":21,"minecraft:white_wool":15,"minecraft:cobblestone":55,"minecraft:birch_log":5,"minecraft:mud_bricks":2,"minecraft:cooked_beef":4,"minecraft:leather":12,"minecraft:smoker":1,"minecraft:oak_log":24,"minecraft:dirt":13,"tconstruct:sky_slime_crystal_block":6,"minecraft:white_banner":1,"minecraft:mangrove_fence":5,"minecraft:red_carpet":2,"minecraft:wheat_seeds":1,"minecraft:iron_ingot":1,"minecraft:bamboo":11,"minecraft:oak_planks":49,"minecraft:book":54,"minecraft:birch_boat":1,"minecraft:gravel":6,"minecraft:white_bed":5,"minecraft:spider_eye":3,"minecraft:oak_sapling":1,"minecraft:black_wool":2,"minecraft:coal":112,"minecraft:hopper":6}},"DataVersion":3120}