{"stats":{"minecraft:killed_by":{"minecraft:creeper":1},"minecraft:mined":{"biomesoplenty:spanish_moss":4,"minecraft:red_carpet":2,"minecraft:white_bed":4,"minecraft:oak_door":3,"tconstruct:sky_slime_crystal_block":6,"minecraft:mangrove_roots":11,"biomesoplenty:bush":2,"minecraft:grass_block":7,"minecraft:mangrove_fence":6,"minecraft:hopper":6,"minecraft:mud_bricks":2,"minecraft:spawner":2,"minecraft:furnace":7,"minecraft:iron_ore":20,"minecraft:bookshelf":18,"minecraft:oak_stairs":8,"minecraft:bamboo":2,"minecraft:white_banner":2,"minecraft:stone":69,"minecraft:iron_block":17,"minecraft:white_wool":6,"minecraft:red_bed":2,"minecraft:smoker":1,"minecraft:oak_fence":6,"minecraft:crafting_table":8,"minecraft:blast_furnace":1,"minecraft:emerald_ore":3,"minecraft:calcite":5,"minecraft:rose_bush":1,"minecraft:tall_grass":2,"minecraft:cobblestone":9,"minecraft:oak_planks":8,"minecraft:wall_torch":1,"minecraft:seagrass":2,"minecraft:birch_log":6,"biomesoplenty:fir_log":12,"minecraft:grass":13,"minecraft:oak_log":58,"minecraft:coal_ore":216,"minecraft:sand":146,"minecraft:gravel":18,"minecraft:dirt":7,"minecraft:cobweb":25,"minecraft:oak_leaves":15},"minecraft:used":{"minecraft:oak_fence":1,"minecraft:rose_bush":1,"minecraft:stone_sword":50,"minecraft:iron_shovel":158,"minecraft:oak_sign":1,"minecraft:chest":2,"minecraft:shield":1,"minecraft:iron_chestplate":1,"minecraft:oak_door":2,"minecraft:torch":26,"minecraft:dirt":11,"minecraft:wooden_axe":34,"minecraft:lava_bucket":1,"minecraft:iron_axe":68,"minecraft:mud_bricks":2,"minecraft:red_carpet":2,"minecraft:beef":2,"minecraft:furnace":10,"minecraft:cooked_beef":15,"minecraft:cooked_mutton":7,"minecraft:water_bucket":25,"minecraft:stone_pickaxe":150,"minecraft:oak_planks":22,"minecraft:birch_boat":1,"minecraft:wooden_pickaxe":34,"minecraft:white_wool":5,"minecraft:sand":2,"minecraft:crafting_table":10,"minecraft:red_bed":1,"minecraft:blast_furnace":2,"minecraft:white_bed":3,"minecraft:mud":1,"minecraft:bread":2,"minecraft:iron_pickaxe":189,"minecraft:gravel":7,"minecraft:stone_axe":106,"minecraft:cobblestone":20,"minecraft:white_banner":2,"minecraft:porkchop":4,"minecraft:cooked_porkchop":1,"minecraft:bucket":27,"minecraft:experience_bottle":1},"minecraft:picked_up":{"minecraft:crafting_table":8,"minecraft:mud":1,"minecraft:iron_chestplate":2,"minecraft:splash_potion":2,"tconstruct:materials_and_you":1,"minecraft:wooden_pickaxe":1,"minecraft:oak_stairs":8,"minecraft:string":50,"minecraft:red_bed":2,"biomesoplenty:spanish_moss":2,"minecraft:beef":54,"minecraft:rose_bush":1,"minecraft:calcite":5,"minecraft:iron_nugget":12,"minecraft:wooden_shovel":1,"minecraft:poppy":2,"minecraft:light_gray_wool":2,"minecraft:furnace":8,"minecraft:stick":9,"minecraft:raw_iron":20,"minecraft:oak_door":2,"minecraft:oak_fence":6,"minecraft:torch":4,"minecraft:porkchop":9,"tconstruct:sky_slime_ball":142,"minecraft:rotten_flesh":11,"minecraft:iron_block":19,"minecraft:mangrove_roots":8,"minecraft:mutton":21,"minecraft:white_wool":15,"minecraft:cobblestone":73,"minecraft:birch_log":5,"minecraft:mud_bricks":2,"minecraft:cooked_beef":4,"minecraft:leather":12,"minecraft:smoker":1,"biomesoplenty:fir_log":24,"minecraft:flint":1,"minecraft:oak_log":52,"minecraft:lapis_lazuli":17,"minecraft:dirt":13,"tconstruct:sky_slime_crystal_block":17,"minecraft:lantern":1,"minecraft:white_banner":3,"minecraft:name_tag":1,"minecraft:mangrove_fence":5,"minecraft:red_carpet":2,"minecraft:wheat_seeds":2,"minecraft:iron_ingot":1,"minecraft:bamboo":11,"tconstruct:sky_slime_sapling":5,"minecraft:oak_planks":51,"minecraft:book":72,"minecraft:birch_boat":1,"minecraft:oak_pressure_plate":4,"minecraft:gravel":17,"minecraft:sand":146,"minecraft:blast_furnace":1,"minecraft:white_bed":5,"minecraft:spider_eye":3,"minecraft:emerald":3,"minecraft:oak_sapling":7,"minecraft:black_wool":2,"minecraft:coal":229,"minecraft:hopper":6},"minecraft:crafted":{"minecraft:oak_planks":108,"minecraft:oak_sign":3,"minecraft:birch_boat":1,"minecraft:furnace":3,"minecraft:cooked_mutton":15,"minecraft:iron_boots":1,"minecraft:iron_axe":1,"minecraft:stone_pickaxe":2,"minecraft:chest":2,"minecraft:cooked_beef":13,"minecraft:cooked_porkchop":1,"minecraft:crafting_table":4,"minecraft:wooden_pickaxe":2,"minecraft:iron_helmet":1,"minecraft:iron_sword":1,"minecraft:bucket":1,"minecraft:birch_planks":20,"minecraft:stone_axe":2,"minecraft:air":0,"minecraft:iron_chestplate":1,"minecraft:shield":2,"minecraft:stick":56,"minecraft:iron_pickaxe":5,"minecraft:iron_ingot":190,"minecraft:wooden_axe":1,"minecraft:stone_sword":1,"minecraft:iron_shovel":3,"minecraft:iron_leggings":1,"minecraft:white_bed":1,"minecraft:torch":32},"minecraft:custom":{"minecraft:mob_kills":42,"minecraft:inspect_hopper":3,"minecraft:interact_with_crafting_table":33,"minecraft:leave_game":2,"minecraft:time_since_death":108596,"minecraft:climb_one_cm":7617,"minecraft:sprint_one_cm":445596,"minecraft:walk_one_cm":317109,"minecraft:damage_blocked_by_shield":50,"minecraft:drop":61,"minecraft:talked_to_villager":2,"minecraft:play_time":129283,"minecraft:deaths":1,"minecraft:sneak_time":4614,"minecraft:walk_under_water_one_cm":13915,"minecraft:boat_one_cm":33856,"minecraft:jump":2608,"minecraft:interact_with_blast_furnace":6,"minecraft:walk_on_water_one_cm":33293,"minecraft:total_world_time":129283,"minecraft:interact_with_furnace":54,"minecraft:interact_with_loom":1,"minecraft:sleep_in_bed":10,"minecraft:time_since_rest":7914,"minecraft:waystone_activated":1,"minecraft:damage_taken":1850,"minecraft:damage_dealt":5847,"minecraft:swim_one_cm":78939,"minecraft:fly_one_cm":500335,"minecraft:open_chest":42,"minecraft:crouch_one_cm":13056,"minecraft:fall_one_cm":60718},"minecraft:broken":{"minecraft:stone_pickaxe":1},"minecraft:killed":{"minecraft:cave_spider":3,"minecraft:spider":2,"minecraft:pig":3,"minecraft:iron_golem":1,"minecraft:sheep":13,"minecraft:pillager":2,"minecraft:zombie":6,"minecraft:cow":13},"minecraft:dropped":{"biomesoplenty:fir_log":12,"minecraft:enchanted_book":1,"minecraft:lapis_lazuli":17,"minecraft:cooked_beef":2,"minecraft:crafting_table":1,"minecraft:cobblestone":5,"minecraft:lead":1,"minecraft:dirt":2,"tconstruct:materials_and_you":1,"minecraft:wooden_axe":1,"biomesoplenty:spanish_moss":1,"minecraft:white_banner":1,"tconstruct:sky_slime_ball":87,"minecraft:string":1,"minecraft:white_wool":4,"minecraft:stone_axe":1,"minecraft:iron_nugget":12,"tconstruct:sky_slime_sapling":5,"minecraft:rotten_flesh":8,"minecraft:light_gray_wool":2,"minecraft:oak_planks":3,"minecraft:white_bed":2,"minecraft:poppy":2,"minecraft:iron_chestplate":2,"minecraft:beetroot_seeds":2,"minecraft:oak_sapling":4,"minecraft:wooden_shovel":1,"minecraft:spider_eye":1,"minecraft:wooden_pickaxe":3,"minecraft:splash_potion":1,"minecraft:black_wool":1}},"DataVersion":3120}