{"stats":{"minecraft:killed_by":{"minecraft:creeper":1},"minecraft:mined":{"biomesoplenty:spanish_moss":4,"minecraft:red_carpet":2,"minecraft:white_bed":4,"tconstruct:sky_slime_crystal_block":6,"minecraft:mangrove_roots":11,"biomesoplenty:bush":2,"minecraft:grass_block":6,"minecraft:mangrove_fence":6,"minecraft:hopper":6,"minecraft:mud_bricks":2,"minecraft:spawner":2,"minecraft:furnace":7,"minecraft:iron_ore":10,"minecraft:bookshelf":18,"minecraft:oak_stairs":8,"minecraft:bamboo":2,"minecraft:stone":50,"minecraft:iron_block":17,"minecraft:white_wool":6,"minecraft:red_bed":2,"minecraft:smoker":1,"minecraft:oak_fence":6,"minecraft:crafting_table":8,"minecraft:calcite":5,"minecraft:tall_grass":2,"minecraft:cobblestone":9,"minecraft:oak_planks":8,"minecraft:seagrass":2,"minecraft:birch_log":5,"minecraft:grass":7,"minecraft:oak_log":32,"minecraft:coal_ore":99,"minecraft:sand":146,"minecraft:gravel":18,"minecraft:dirt":7,"minecraft:cobweb":25,"minecraft:oak_leaves":13},"minecraft:used":{"minecraft:oak_fence":1,"minecraft:stone_sword":50,"minecraft:iron_shovel":157,"minecraft:chest":2,"minecraft:shield":1,"minecraft:iron_chestplate":1,"minecraft:torch":8,"minecraft:dirt":11,"minecraft:wooden_axe":34,"minecraft:iron_axe":20,"minecraft:mud_bricks":2,"minecraft:red_carpet":2,"minecraft:beef":1,"minecraft:furnace":9,"minecraft:cooked_beef":15,"minecraft:cooked_mutton":1,"minecraft:water_bucket":16,"minecraft:stone_pickaxe":150,"minecraft:oak_planks":22,"minecraft:birch_boat":1,"minecraft:wooden_pickaxe":34,"minecraft:white_wool":5,"minecraft:sand":2,"minecraft:crafting_table":10,"minecraft:red_bed":1,"minecraft:blast_furnace":1,"minecraft:white_bed":3,"minecraft:mud":1,"minecraft:bread":2,"minecraft:iron_pickaxe":38,"minecraft:gravel":7,"minecraft:stone_axe":106,"minecraft:cobblestone":17,"minecraft:porkchop":4,"minecraft:cooked_porkchop":1,"minecraft:bucket":17,"minecraft:experience_bottle":1},"minecraft:picked_up":{"minecraft:crafting_table":8,"minecraft:mud":1,"minecraft:iron_chestplate":2,"tconstruct:materials_and_you":1,"minecraft:wooden_pickaxe":1,"minecraft:oak_stairs":8,"minecraft:string":50,"minecraft:red_bed":2,"biomesoplenty:spanish_moss":2,"minecraft:beef":53,"minecraft:calcite":5,"minecraft:iron_nugget":12,"minecraft:wooden_shovel":1,"minecraft:poppy":2,"minecraft:light_gray_wool":2,"minecraft:furnace":8,"minecraft:stick":5,"minecraft:raw_iron":10,"minecraft:oak_fence":6,"minecraft:torch":2,"minecraft:porkchop":9,"minecraft:rotten_flesh":11,"minecraft:iron_block":19,"minecraft:mangrove_roots":8,"minecraft:mutton":21,"minecraft:white_wool":15,"minecraft:cobblestone":55,"minecraft:birch_log":5,"minecraft:mud_bricks":2,"minecraft:cooked_beef":4,"minecraft:leather":12,"minecraft:smoker":1,"minecraft:flint":1,"minecraft:oak_log":28,"minecraft:dirt":13,"tconstruct:sky_slime_crystal_block":6,"minecraft:lantern":1,"minecraft:white_banner":1,"minecraft:mangrove_fence":5,"minecraft:red_carpet":2,"minecraft:wheat_seeds":1,"minecraft:iron_ingot":1,"minecraft:bamboo":11,"minecraft:oak_planks":50,"minecraft:book":54,"minecraft:birch_boat":1,"minecraft:oak_pressure_plate":4,"minecraft:gravel":17,"minecraft:sand":146,"minecraft:white_bed":5,"minecraft:spider_eye":3,"minecraft:oak_sapling":1,"minecraft:black_wool":2,"minecraft:coal":112,"minecraft:hopper":6},"minecraft:crafted":{"minecraft:oak_planks":88,"minecraft:birch_boat":1,"minecraft:furnace":2,"minecraft:cooked_mutton":10,"minecraft:iron_boots":1,"minecraft:iron_axe":1,"minecraft:stone_pickaxe":2,"minecraft:chest":2,"minecraft:cooked_beef":13,"minecraft:cooked_porkchop":1,"minecraft:crafting_table":4,"minecraft:wooden_pickaxe":2,"minecraft:iron_helmet":1,"minecraft:iron_sword":1,"minecraft:bucket":1,"minecraft:birch_planks":20,"minecraft:stone_axe":2,"minecraft:air":0,"minecraft:iron_chestplate":1,"minecraft:shield":2,"minecraft:stick":56,"minecraft:iron_pickaxe":1,"minecraft:iron_ingot":190,"minecraft:wooden_axe":1,"minecraft:stone_sword":1,"minecraft:iron_shovel":1,"minecraft:iron_leggings":1,"minecraft:white_bed":1,"minecraft:torch":32},"minecraft:custom":{"minecraft:mob_kills":40,"minecraft:inspect_hopper":3,"minecraft:interact_with_crafting_table":29,"minecraft:leave_game":2,"minecraft:time_since_death":78596,"minecraft:climb_one_cm":7617,"minecraft:sprint_one_cm":324285,"minecraft:walk_one_cm":219922,"minecraft:damage_blocked_by_shield":50,"minecraft:drop":53,"minecraft:talked_to_villager":2,"minecraft:play_time":99283,"minecraft:deaths":1,"minecraft:sneak_time":3980,"minecraft:walk_under_water_one_cm":11755,"minecraft:boat_one_cm":33856,"minecraft:jump":1999,"minecraft:interact_with_blast_furnace":3,"minecraft:walk_on_water_one_cm":31887,"minecraft:total_world_time":99283,"minecraft:interact_with_furnace":35,"minecraft:sleep_in_bed":8,"minecraft:time_since_rest":5344,"minecraft:waystone_activated":1,"minecraft:damage_taken":1599,"minecraft:damage_dealt":5579,"minecraft:swim_one_cm":78939,"minecraft:fly_one_cm":385902,"minecraft:open_chest":29,"minecraft:crouch_one_cm":11965,"minecraft:fall_one_cm":46793},"minecraft:broken":{"minecraft:stone_pickaxe":1},"minecraft:killed":{"minecraft:cave_spider":3,"minecraft:spider":1,"minecraft:pig":3,"minecraft:iron_golem":1,"minecraft:sheep":13,"minecraft:pillager":2,"minecraft:zombie":6,"minecraft:cow":12},"minecraft:dropped":{"minecraft:enchanted_book":1,"minecraft:cooked_beef":2,"minecraft:crafting_table":1,"minecraft:cobblestone":5,"minecraft:lead":1,"minecraft:dirt":2,"tconstruct:materials_and_you":1,"minecraft:wooden_axe":1,"biomesoplenty:spanish_moss":1,"minecraft:white_banner":1,"minecraft:string":1,"minecraft:white_wool":4,"minecraft:stone_axe":1,"minecraft:iron_nugget":12,"minecraft:rotten_flesh":8,"minecraft:light_gray_wool":2,"minecraft:oak_planks":3,"minecraft:white_bed":2,"minecraft:poppy":2,"minecraft:iron_chestplate":2,"minecraft:beetroot_seeds":2,"minecraft:wooden_shovel":1,"minecraft:spider_eye":1,"minecraft:wooden_pickaxe":3,"minecraft:black_wool":1}},"DataVersion":3120}