{"stats":{"minecraft:killed_by":{"minecraft:creeper":1},"minecraft:mined":{"biomesoplenty:spanish_moss":4,"minecraft:red_carpet":2,"minecraft:white_bed":4,"minecraft:oak_door":3,"tconstruct:sky_slime_crystal_block":6,"minecraft:mangrove_roots":11,"biomesoplenty:bush":2,"minecraft:grass_block":173,"minecraft:mangrove_fence":6,"minecraft:hopper":6,"minecraft:mud_bricks":2,"minecraft:spawner":2,"minecraft:furnace":7,"biomesoplenty:toadstool":5,"minecraft:iron_ore":45,"biomesoplenty:hanging_cobweb":2,"minecraft:bookshelf":18,"minecraft:deepslate_iron_ore":3,"minecraft:oak_stairs":8,"biomesoplenty:webbing":7,"biomesoplenty:spider_egg":1,"minecraft:bamboo":2,"minecraft:white_banner":2,"minecraft:stone":78,"minecraft:iron_block":17,"minecraft:white_wool":6,"minecraft:red_bed":2,"minecraft:smoker":1,"biomesoplenty:hanging_cobweb_strand":1,"minecraft:oak_fence":6,"minecraft:crafting_table":8,"minecraft:blast_furnace":2,"minecraft:emerald_ore":3,"minecraft:calcite":5,"minecraft:rose_bush":1,"minecraft:copper_ore":8,"minecraft:tall_grass":2,"minecraft:cobblestone":9,"minecraft:oak_planks":10,"minecraft:diorite":2,"minecraft:wall_torch":3,"minecraft:deepslate_copper_ore":1,"minecraft:seagrass":2,"minecraft:birch_log":8,"biomesoplenty:fir_log":12,"minecraft:grass":18,"minecraft:oak_log":68,"minecraft:coal_ore":219,"minecraft:sand":146,"minecraft:gravel":18,"minecraft:dirt":12,"biomesoplenty:stringy_cobweb":1,"minecraft:cobweb":27,"minecraft:oak_leaves":18},"minecraft:used":{"minecraft:oak_fence":1,"minecraft:rose_bush":1,"minecraft:stone_sword":50,"minecraft:iron_shovel":332,"minecraft:oak_sign":1,"minecraft:chest":2,"minecraft:shield":5,"minecraft:iron_sword":36,"minecraft:iron_chestplate":1,"minecraft:oak_door":2,"minecraft:torch":46,"minecraft:dirt":50,"ironchest:iron_chest":2,"minecraft:wooden_axe":34,"minecraft:lava_bucket":6,"minecraft:iron_axe":85,"minecraft:mud_bricks":2,"minecraft:red_carpet":2,"minecraft:beef":3,"minecraft:furnace":10,"minecraft:cooked_beef":15,"minecraft:cooked_mutton":15,"minecraft:water_bucket":29,"minecraft:diorite":2,"minecraft:stone_pickaxe":150,"minecraft:oak_planks":23,"minecraft:birch_boat":1,"minecraft:wooden_pickaxe":34,"minecraft:white_wool":5,"minecraft:sand":2,"minecraft:crafting_table":10,"minecraft:red_bed":1,"minecraft:blast_furnace":3,"minecraft:white_bed":3,"minecraft:mud":1,"minecraft:apple":5,"minecraft:bread":2,"minecraft:iron_pickaxe":243,"minecraft:gravel":7,"minecraft:stone_axe":106,"minecraft:cobblestone":31,"minecraft:white_banner":2,"minecraft:porkchop":4,"minecraft:cooked_porkchop":1,"minecraft:bucket":36,"minecraft:experience_bottle":1},"minecraft:picked_up":{"minecraft:crafting_table":8,"minecraft:mud":1,"minecraft:iron_chestplate":2,"minecraft:splash_potion":2,"tconstruct:materials_and_you":1,"minecraft:wooden_pickaxe":1,"minecraft:oak_stairs":8,"minecraft:string":59,"minecraft:red_bed":2,"minecraft:raw_copper":30,"biomesoplenty:spanish_moss":2,"minecraft:beef":55,"minecraft:rose_bush":1,"minecraft:calcite":5,"minecraft:iron_nugget":12,"minecraft:wooden_shovel":1,"minecraft:poppy":2,"minecraft:light_gray_wool":2,"minecraft:sugar_cane":4,"biomesoplenty:hanging_cobweb":2,"minecraft:furnace":8,"minecraft:stick":11,"minecraft:raw_iron":47,"minecraft:oak_door":2,"minecraft:oak_fence":6,"minecraft:torch":4,"minecraft:porkchop":9,"minecraft:diorite":2,"minecraft:arrow":2,"tconstruct:sky_slime_ball":142,"minecraft:rotten_flesh":13,"minecraft:iron_block":19,"minecraft:mangrove_roots":8,"minecraft:mutton":21,"minecraft:white_wool":15,"minecraft:cobblestone":84,"minecraft:birch_log":7,"minecraft:mud_bricks":2,"minecraft:cooked_beef":4,"minecraft:leather":12,"minecraft:smoker":1,"biomesoplenty:fir_log":24,"minecraft:flint":1,"minecraft:oak_log":62,"minecraft:lapis_lazuli":17,"minecraft:dirt":185,"tconstruct:sky_slime_crystal_block":17,"minecraft:lantern":1,"minecraft:white_banner":3,"minecraft:name_tag":1,"minecraft:mangrove_fence":5,"minecraft:red_carpet":2,"minecraft:apple":11,"minecraft:wheat_seeds":9,"minecraft:iron_ingot":1,"minecraft:bamboo":11,"tconstruct:sky_slime_sapling":5,"minecraft:oak_planks":53,"biomesoplenty:toadstool":5,"minecraft:book":72,"minecraft:birch_boat":1,"minecraft:oak_pressure_plate":4,"minecraft:gravel":17,"minecraft:sand":146,"minecraft:ink_sac":1,"minecraft:blast_furnace":2,"minecraft:white_bed":5,"minecraft:spider_eye":3,"minecraft:emerald":3,"minecraft:oak_sapling":9,"minecraft:black_wool":2,"minecraft:coal":235,"minecraft:hopper":6},"minecraft:crafted":{"minecraft:oak_planks":108,"minecraft:oak_sign":3,"minecraft:birch_boat":1,"minecraft:furnace":3,"minecraft:cooked_mutton":15,"minecraft:glass":144,"minecraft:iron_boots":1,"minecraft:iron_axe":1,"minecraft:stone_pickaxe":2,"minecraft:chest":8,"minecraft:cooked_beef":13,"minecraft:cooked_porkchop":1,"minecraft:crafting_table":4,"minecraft:wooden_pickaxe":2,"minecraft:iron_helmet":1,"minecraft:iron_sword":1,"minecraft:copper_ingot":16,"ironchest:copper_chest":2,"minecraft:bucket":2,"minecraft:birch_planks":20,"minecraft:stone_axe":2,"minecraft:air":0,"biomesoplenty:fir_planks":48,"minecraft:iron_chestplate":1,"minecraft:shield":2,"minecraft:stick":56,"minecraft:iron_pickaxe":5,"minecraft:iron_ingot":200,"minecraft:wooden_axe":1,"minecraft:stone_sword":1,"minecraft:iron_shovel":3,"minecraft:iron_leggings":1,"minecraft:white_bed":1,"minecraft:torch":56,"ironchest:iron_chest":2},"minecraft:custom":{"minecraft:mob_kills":50,"minecraft:inspect_hopper":3,"minecraft:interact_with_crafting_table":43,"minecraft:leave_game":2,"minecraft:time_since_death":144596,"minecraft:climb_one_cm":7617,"minecraft:sprint_one_cm":589391,"minecraft:walk_one_cm":429322,"minecraft:damage_blocked_by_shield":220,"minecraft:drop":92,"minecraft:talked_to_villager":2,"minecraft:play_time":165283,"minecraft:deaths":1,"minecraft:sneak_time":7198,"minecraft:walk_under_water_one_cm":17272,"minecraft:boat_one_cm":33856,"minecraft:jump":3307,"minecraft:interact_with_blast_furnace":10,"minecraft:walk_on_water_one_cm":36351,"minecraft:total_world_time":165283,"minecraft:interact_with_furnace":65,"minecraft:interact_with_loom":1,"minecraft:sleep_in_bed":13,"minecraft:time_since_rest":14768,"minecraft:waystone_activated":1,"minecraft:damage_taken":2566,"minecraft:damage_dealt":7290,"minecraft:swim_one_cm":96109,"minecraft:fly_one_cm":638974,"minecraft:open_chest":55,"minecraft:crouch_one_cm":20969,"minecraft:interact_with_smoker":1,"minecraft:fall_one_cm":75624},"minecraft:broken":{"minecraft:iron_shovel":1,"minecraft:stone_pickaxe":1},"minecraft:killed":{"minecraft:cave_spider":5,"minecraft:spider":2,"minecraft:skeleton":1,"minecraft:pig":3,"minecraft:iron_golem":1,"minecraft:squid":1,"minecraft:sheep":13,"minecraft:pillager":2,"minecraft:zombie":7,"minecraft:cow":14},"minecraft:dropped":{"biomesoplenty:fir_log":12,"minecraft:enchanted_book":1,"minecraft:wheat_seeds":3,"minecraft:lapis_lazuli":17,"minecraft:cooked_beef":2,"minecraft:crafting_table":1,"minecraft:cobblestone":5,"minecraft:lead":1,"minecraft:coal":3,"minecraft:dirt":2,"tconstruct:materials_and_you":1,"minecraft:torch":11,"minecraft:wooden_axe":1,"biomesoplenty:spanish_moss":1,"minecraft:white_banner":1,"tconstruct:sky_slime_ball":87,"minecraft:iron_pickaxe":1,"minecraft:bucket":1,"minecraft:string":1,"minecraft:white_wool":4,"biomesoplenty:toadstool":5,"minecraft:stone_axe":1,"minecraft:sugar_cane":4,"minecraft:iron_nugget":12,"tconstruct:sky_slime_sapling":5,"minecraft:rotten_flesh":8,"minecraft:light_gray_wool":2,"minecraft:oak_planks":4,"minecraft:white_bed":2,"minecraft:poppy":2,"minecraft:iron_chestplate":2,"minecraft:beetroot_seeds":2,"minecraft:oak_sapling":8,"minecraft:wooden_shovel":1,"minecraft:spider_eye":1,"minecraft:wooden_pickaxe":3,"minecraft:splash_potion":1,"minecraft:black_wool":1}},"DataVersion":3120}