{"stats":{"minecraft:killed":{"twilightforest:boar":2,"minecraft:cave_spider":11,"minecraft:spider":5,"minecraft:skeleton":6,"minecraft:piglin":1,"minecraft:pig":5,"twilightforest:raven":1,"minecraft:creeper":2,"twilightforest:skeleton_druid":3,"alexsmobs:crimson_mosquito":1,"minecraft:sheep":15,"minecraft:pillager":4,"minecraft:zombie":19,"alexsmobs:fly":1,"minecraft:cow":5,"twilightforest:deer":1,"twilightforest:naga":1,"twilightforest:swarm_spider":3,"twilightforest:hedge_spider":1,"twilightforest:tiny_bird":1,"twilightforest:kobold":2,"minecraft:hoglin":4,"minecraft:enderman":1,"twilightforest:bighorn_sheep":1},"minecraft:custom":{"minecraft:interact_with_crafting_table":83,"minecraft:open_barrel":2,"minecraft:leave_game":10,"minecraft:time_since_death":502662,"minecraft:sprint_one_cm":1522471,"minecraft:damage_blocked_by_shield":3590,"minecraft:drop":136,"minecraft:talked_to_villager":6,"minecraft:play_time":502662,"minecraft:jump":8140,"minecraft:walk_on_water_one_cm":118615,"minecraft:interact_with_furnace":64,"minecraft:sleep_in_bed":24,"minecraft:damage_dealt":16746,"minecraft:crouch_one_cm":111503,"minecraft:interact_with_smoker":21,"minecraft:mob_kills":110,"minecraft:inspect_hopper":2,"minecraft:climb_one_cm":5866,"minecraft:walk_one_cm":818531,"minecraft:sneak_time":43882,"minecraft:walk_under_water_one_cm":56308,"minecraft:boat_one_cm":30169,"minecraft:interact_with_blast_furnace":22,"minecraft:total_world_time":502662,"minecraft:time_since_rest":27676,"minecraft:damage_taken":5242,"minecraft:swim_one_cm":219177,"minecraft:fly_one_cm":1531282,"minecraft:open_chest":271,"minecraft:fall_one_cm":194884},"minecraft:mined":{"minecraft:white_bed":7,"tconstruct:sky_slime_crystal_block":10,"minecraft:jungle_leaves":1,"tconstruct:seared_bricks":15,"minecraft:obsidian":7,"biomesoplenty:burning_blossom":14,"minecraft:granite":3,"minecraft:grass_block":36,"minecraft:composter":1,"ironchest:copper_chest":1,"minecraft:spawner":3,"minecraft:iron_ore":22,"minecraft:fire":24,"tconstruct:cobalt_ore":11,"tconstruct:seared_melter":1,"minecraft:deepslate_lapis_ore":7,"minecraft:dirt_path":2,"minecraft:white_banner":1,"tconstruct:sky_slime_dirt":3,"minecraft:iron_block":7,"minecraft:deepslate_redstone_ore":56,"tconstruct:part_builder":1,"minecraft:smoker":2,"minecraft:crimson_nylium":2,"minecraft:amethyst_cluster":1,"tconstruct:tinkers_anvil":1,"minecraft:clay":74,"minecraft:blast_furnace":2,"minecraft:calcite":5,"minecraft:chest":3,"minecraft:nether_quartz_ore":39,"minecraft:cobblestone":34,"minecraft:sugar_cane":21,"minecraft:oak_planks":9,"minecraft:wall_torch":4,"minecraft:deepslate_copper_ore":9,"tconstruct:large_earth_slime_crystal_bud":2,"tconstruct:budding_sky_slime_crystal":3,"minecraft:mud":1,"tconstruct:seared_faucet":1,"twilightforest:cicada":2,"minecraft:birch_log":8,"minecraft:grass":51,"minecraft:oak_log":224,"minecraft:sand":310,"minecraft:dirt":18,"tconstruct:seared_heater":1,"minecraft:mangrove_log":3,"minecraft:smooth_basalt":2,"twilightforest:canopy_log":4,"minecraft:netherrack":254,"minecraft:oak_leaves":74,"minecraft:deepslate":51,"minecraft:nether_gold_ore":17,"twilightforest:firefly":2,"minecraft:tuff":1,"minecraft:mossy_cobblestone":2,"minecraft:deepslate_diamond_ore":8,"tconstruct:modifier_worktable":2,"biomesoplenty:bush":5,"tconstruct:earth_slime_crystal_block":11,"minecraft:spruce_leaves":2,"biomesoplenty:dead_grass":3,"twilightforest:mushgloom":1,"minecraft:furnace":2,"tconstruct:budding_earth_slime_crystal":1,"minecraft:andesite":4,"twilightforest:twilight_oak_leaves":1,"biomesoplenty:willow_vine":2,"minecraft:bookshelf":6,"minecraft:deepslate_iron_ore":50,"minecraft:stone":135,"minecraft:white_wool":4,"twilightforest:hedge":2,"minecraft:dandelion":3,"minecraft:crafting_table":13,"tconstruct:earth_slime_crystal_cluster":1,"tconstruct:seared_basin":1,"minecraft:rose_bush":26,"minecraft:copper_ore":35,"minecraft:tall_grass":2,"tconstruct:seared_ingot_tank":1,"biomesoplenty:sprout":1,"minecraft:lapis_ore":3,"minecraft:deepslate_gold_ore":33,"twilightforest:mayapple":1,"minecraft:diorite":1,"tconstruct:sky_slime_leaves":8,"tconstruct:smeltery_controller":1,"minecraft:birch_leaves":1,"tconstruct:skyroot_log":10,"minecraft:mangrove_leaves":1,"minecraft:coal_ore":118,"minecraft:gravel":316,"minecraft:gold_ore":2,"minecraft:fern":1,"tconstruct:sky_congealed_slime":80},"minecraft:broken":{"minecraft:stone_pickaxe":2,"minecraft:stone_axe":2,"minecraft:stone_shovel":1,"minecraft:flint_and_steel":1,"minecraft:iron_axe":1},"minecraft:dropped":{"minecraft:porkchop":3,"minecraft:cooked_beef":9,"minecraft:crafting_table":2,"minecraft:leather":2,"minecraft:mossy_stone_brick_stairs":4,"minecraft:cracked_stone_bricks":2,"twilightforest:naga_scale":7,"minecraft:mossy_cobblestone_wall":1,"minecraft:flint":4,"minecraft:cobblestone_stairs":2,"tconstruct:materials_and_you":1,"biomesoplenty:spanish_moss":1,"twilightforest:cracked_etched_nagastone":2,"minecraft:white_wool":5,"tconstruct:pattern":1,"minecraft:gold_ingot":7,"minecraft:bone":8,"minecraft:oak_door":1,"minecraft:stone_axe":1,"minecraft:mangrove_roots":1,"minecraft:iron_nugget":6,"minecraft:cobbled_deepslate":1,"minecraft:wheat":1,"minecraft:birch_sapling":1,"minecraft:rotten_flesh":14,"minecraft:oak_planks":13,"minecraft:carrot":1,"minecraft:chiseled_stone_bricks":3,"minecraft:poppy":2,"tconstruct:sky_staff":1,"tconstruct:seared_heater":2,"minecraft:gunpowder":3,"twilightforest:cracked_nagastone_pillar":5,"minecraft:beetroot_seeds":2,"minecraft:hopper":1,"tconstruct:cobalt_ingot":1,"minecraft:beef":17,"minecraft:arrow":4,"minecraft:glass":15,"minecraft:stone_brick_stairs":4,"minecraft:iron_ingot":2,"minecraft:wheat_seeds":3,"minecraft:mossy_cobblestone":1,"minecraft:poisonous_potato":6,"minecraft:cobblestone":1,"minecraft:feather":1,"minecraft:copper_ingot":3,"twilightforest:etched_nagastone":4,"minecraft:coal":79,"minecraft:polished_andesite":4,"minecraft:torch":1,"twilightforest:spiral_bricks":4,"minecraft:wooden_axe":3,"minecraft:rose_bush":18,"minecraft:white_banner":1,"minecraft:mossy_cobblestone_stairs":2,"twilightforest:mushgloom":1,"minecraft:string":43,"minecraft:bucket":1,"minecraft:dandelion":1,"minecraft:smooth_basalt":2,"minecraft:furnace":1,"tconstruct:blank_sand_cast":4,"minecraft:tuff":2,"minecraft:light_gray_wool":1,"twilightforest:mossy_etched_nagastone":2,"minecraft:cyan_wool":1,"twilightforest:mossy_nagastone_stairs_left":2,"minecraft:iron_chestplate":1,"minecraft:mossy_stone_bricks":6,"minecraft:wooden_shovel":1,"minecraft:spider_eye":7,"minecraft:stone_bricks":10,"minecraft:wooden_pickaxe":1,"minecraft:black_wool":1},"minecraft:picked_up":{"minecraft:wooden_axe":2,"minecraft:iron_chestplate":1,"biomesoplenty:burning_blossom":14,"minecraft:wheat":1,"minecraft:redstone_block":21,"minecraft:lead":3,"minecraft:potion":1,"minecraft:enchanted_book":1,"minecraft:stone_brick_stairs":4,"tconstruct:smeltery_controller":1,"minecraft:string":46,"minecraft:raw_copper":206,"twilightforest:mossy_nagastone_stairs_left":2,"minecraft:iron_leggings":2,"alexsmobs:dropbear_claw":2,"minecraft:cobbled_deepslate":62,"alexsmobs:blood_sac":1,"minecraft:gold_nugget":58,"minecraft:bucket":1,"minecraft:rose_bush":32,"minecraft:written_book":1,"minecraft:calcite":5,"minecraft:iron_pickaxe":2,"minecraft:furnace":2,"minecraft:mangrove_log":3,"minecraft:iron_boots":1,"minecraft:stick":78,"minecraft:composter":1,"minecraft:torch":38,"twilightforest:cracked_etched_nagastone":2,"minecraft:porkchop":21,"tconstruct:seared_faucet":1,"minecraft:diorite":1,"minecraft:rotten_flesh":14,"minecraft:iron_block":6,"tconstruct:earth_slime_crystal_block":22,"minecraft:mangrove_roots":1,"minecraft:obsidian":6,"minecraft:cobblestone":176,"tconstruct:seared_bricks":13,"minecraft:birch_log":9,"minecraft:feather":1,"minecraft:cooked_beef":10,"tconstruct:sky_staff":1,"minecraft:andesite":4,"minecraft:brown_wool":2,"minecraft:smoker":1,"ironchest:copper_chest":1,"minecraft:flint":34,"minecraft:tuff":3,"minecraft:lapis_lazuli":112,"minecraft:dirt":51,"twilightforest:canopy_sapling":3,"minecraft:bone":14,"minecraft:wheat_seeds":11,"minecraft:raw_gold":68,"minecraft:mossy_stone_bricks":6,"tconstruct:sky_slime_sapling":10,"minecraft:oak_planks":33,"minecraft:mossy_stone_brick_stairs":4,"twilightforest:mushgloom":1,"minecraft:cooked_porkchop":19,"minecraft:poisonous_potato":6,"minecraft:sand":310,"twilightforest:canopy_log":4,"minecraft:mossy_cobblestone":2,"twilightforest:mossy_etched_nagastone":2,"minecraft:polished_andesite":4,"twilightforest:twilight_oak_sapling":27,"minecraft:diamond":14,"tconstruct:seared_basin":1,"minecraft:granite":3,"minecraft:bone_meal":2,"minecraft:bread":37,"alexsmobs:maggot":2,"minecraft:oak_sapling":84,"minecraft:netherrack":257,"twilightforest:torchberries":1,"minecraft:mud":1,"minecraft:crafting_table":13,"minecraft:splash_potion":1,"minecraft:clay_ball":344,"tconstruct:materials_and_you":1,"tconstruct:skyroot_log":20,"tconstruct:tinkers_anvil":1,"tconstruct:earth_slime_crystal":8,"minecraft:magenta_wool":1,"biomesoplenty:spanish_moss":1,"minecraft:cracked_stone_bricks":2,"minecraft:mossy_cobblestone_wall":1,"minecraft:beef":33,"minecraft:oak_boat":3,"minecraft:cyan_wool":1,"twilightforest:naga_scale":7,"minecraft:iron_nugget":6,"minecraft:poppy":2,"minecraft:light_gray_wool":1,"minecraft:sugar_cane":47,"minecraft:chest":4,"minecraft:birch_sapling":14,"tconstruct:modifier_worktable":2,"minecraft:raw_iron":71,"tconstruct:raw_cobalt":11,"minecraft:oak_door":2,"minecraft:copper_ingot":6,"tconstruct:sky_slime_dirt":3,"minecraft:redstone":261,"minecraft:carrot":1,"twilightforest:firefly":2,"tconstruct:sky_slime_ball":583,"minecraft:arrow":11,"minecraft:beetroot_seeds":2,"twilightforest:cicada":2,"twilightforest:etched_nagastone":4,"minecraft:gold_ingot":4,"minecraft:mutton":24,"minecraft:white_wool":16,"tconstruct:part_builder":2,"minecraft:leather":13,"minecraft:red_mushroom":1,"minecraft:oak_log":225,"minecraft:gunpowder":5,"minecraft:cobblestone_stairs":2,"tconstruct:sky_slime_crystal_block":11,"minecraft:white_banner":2,"minecraft:cooked_mutton":14,"twilightforest:raw_venison":2,"minecraft:apple":9,"tconstruct:seared_heater":4,"minecraft:stone_bricks":10,"minecraft:iron_ingot":8,"minecraft:book":18,"minecraft:smooth_basalt":2,"twilightforest:nagastone_pillar":1,"minecraft:chiseled_stone_bricks":3,"minecraft:quartz":39,"minecraft:dandelion":4,"minecraft:raw_iron_block":2,"minecraft:gravel":281,"minecraft:amethyst_shard":8,"twilightforest:cracked_nagastone_pillar":5,"minecraft:blast_furnace":2,"minecraft:white_bed":8,"minecraft:spider_eye":7,"biomesoplenty:bramble":1,"minecraft:stone_axe":1,"twilightforest:raven_feather":2,"minecraft:iron_helmet":1,"minecraft:mossy_cobblestone_stairs":2,"minecraft:gray_wool":1,"tconstruct:seared_melter":1,"tconstruct:pattern":1,"minecraft:baked_potato":37,"minecraft:hopper":1,"twilightforest:spiral_bricks":5,"minecraft:black_wool":1,"minecraft:coal":274,"minecraft:ender_pearl":1},"minecraft:crafted":{"minecraft:oak_planks":312,"tconstruct:puny_smelting":1,"tconstruct:tinkers_gadgetry":1,"tconstruct:sky_staff":1,"minecraft:cooked_mutton":4,"tconstruct:seared_melter":1,"tconstruct:travelers_helmet":1,"minecraft:iron_boots":2,"tconstruct:materials_and_you":1,"tconstruct:seared_brick":350,"minecraft:chest":7,"tconstruct:seared_fuel_tank":1,"tconstruct:seared_ingot_tank":1,"minecraft:smoker":1,"minecraft:oak_slab":12,"minecraft:wooden_shovel":1,"minecraft:crafting_table":6,"tconstruct:modifier_worktable":1,"minecraft:wooden_pickaxe":1,"minecraft:iron_helmet":1,"tconstruct:blank_sand_cast":4,"tconstruct:tool_handle":1,"tconstruct:rose_gold_block":3,"minecraft:copper_ingot":12,"minecraft:gold_block":1,"minecraft:birch_planks":20,"minecraft:diamond_pickaxe":1,"minecraft:iron_chestplate":3,"minecraft:yellow_dye":2,"minecraft:shield":2,"minecraft:stick":40,"minecraft:iron_ingot":102,"minecraft:iron_pickaxe":3,"minecraft:stone_sword":1,"minecraft:gold_ingot":11,"tconstruct:seared_bricks":40,"minecraft:composter":1,"tconstruct:pattern":15,"minecraft:raw_iron":18,"minecraft:coal":27,"minecraft:stone_shovel":5,"tconstruct:part_builder":1,"minecraft:furnace":5,"tconstruct:seared_basin":1,"minecraft:glass_pane":16,"minecraft:flint_and_steel":2,"tconstruct:tinker_station":1,"simplybackpacks:uncommonbackpack":1,"minecraft:iron_axe":1,"tconstruct:seared_table":1,"minecraft:stone_pickaxe":4,"twilightforest:canopy_planks":12,"minecraft:redstone_block":21,"minecraft:cooked_beef":12,"tconstruct:tinkers_anvil":1,"simplybackpacks:commonbackpack":1,"ironchest:copper_chest":1,"minecraft:mangrove_planks":12,"minecraft:bucket":2,"minecraft:stone_axe":3,"tconstruct:seared_drain":1,"tconstruct:sky_congealed_slime":1,"minecraft:air":0,"tconstruct:seared_heater":2,"minecraft:oak_boat":1,"tconstruct:seared_ingot_gauge":1,"ironchest:iron_to_gold_chest_upgrade":1,"minecraft:white_dye":2,"tconstruct:crafting_station":1,"minecraft:wooden_axe":1,"minecraft:iron_shovel":3,"minecraft:iron_leggings":2,"minecraft:white_bed":2,"minecraft:torch":156,"tconstruct:grout":496,"ironchest:iron_chest":1},"minecraft:used":{"minecraft:iron_shovel":329,"minecraft:chest":7,"minecraft:shield":125,"twilightforest:canopy_sapling":1,"minecraft:iron_chestplate":1,"tconstruct:seared_fuel_tank":1,"minecraft:mutton":2,"ironchest:iron_chest":1,"minecraft:tuff":1,"minecraft:lava_bucket":45,"tconstruct:sky_congealed_slime":1,"tconstruct:seared_faucet":3,"tconstruct:tinkers_anvil":1,"minecraft:written_book":1,"minecraft:oak_sapling":65,"minecraft:furnace":4,"tconstruct:smeltery_controller":2,"minecraft:diorite":1,"minecraft:oak_planks":119,"minecraft:stone_pickaxe":399,"minecraft:mangrove_planks":6,"minecraft:wooden_pickaxe":3,"minecraft:composter":1,"ironchest:copper_chest":1,"minecraft:blast_furnace":1,"minecraft:bread":37,"minecraft:brown_wool":2,"tconstruct:seared_ingot_tank":1,"ironchest:iron_to_gold_chest_upgrade":1,"minecraft:gravel":3,"tconstruct:crafting_station":1,"minecraft:andesite":4,"minecraft:oak_boat":3,"twilightforest:canopy_planks":3,"minecraft:rose_bush":14,"minecraft:stone_sword":61,"minecraft:flint_and_steel":87,"minecraft:stone_shovel":405,"minecraft:wooden_shovel":1,"minecraft:netherrack":162,"minecraft:oak_door":1,"minecraft:torch":194,"tconstruct:seared_drain":1,"minecraft:dirt":50,"tconstruct:seared_bricks":45,"minecraft:granite":3,"tconstruct:seared_heater":2,"minecraft:wooden_axe":3,"alexsmobs:maggot":2,"minecraft:iron_axe":202,"minecraft:cooked_beef":13,"tconstruct:part_builder":2,"minecraft:cobbled_deepslate":6,"biomesoplenty:burning_blossom":6,"minecraft:calcite":5,"minecraft:cooked_mutton":18,"minecraft:water_bucket":95,"tconstruct:modifier_worktable":3,"minecraft:baked_potato":29,"minecraft:mossy_cobblestone":1,"minecraft:crafting_table":15,"minecraft:red_mushroom":1,"twilightforest:canopy_log":1,"minecraft:white_bed":10,"tconstruct:seared_basin":2,"minecraft:smoker":2,"minecraft:mud":1,"minecraft:diamond_pickaxe":9,"minecraft:apple":2,"tconstruct:seared_table":1,"minecraft:iron_pickaxe":585,"minecraft:stone_axe":288,"minecraft:cobblestone":55,"tconstruct:seared_melter":2,"twilightforest:nagastone_pillar":1,"minecraft:white_banner":1,"minecraft:cooked_porkchop":19,"minecraft:bucket":145,"minecraft:dandelion":1,"minecraft:gray_wool":1}},"DataVersion":3120}