{"stats":{"minecraft:used":{"minecraft:flint_and_steel":85,"minecraft:stone_shovel":341,"minecraft:chest":7,"minecraft:shield":34,"minecraft:wooden_shovel":1,"minecraft:iron_chestplate":1,"minecraft:oak_door":1,"minecraft:torch":14,"minecraft:dirt":18,"minecraft:mutton":2,"tconstruct:seared_bricks":43,"minecraft:wooden_axe":3,"minecraft:lava_bucket":4,"minecraft:iron_axe":135,"minecraft:oak_sapling":1,"minecraft:furnace":4,"minecraft:cooked_beef":10,"minecraft:calcite":1,"minecraft:cooked_mutton":5,"tconstruct:modifier_worktable":1,"minecraft:water_bucket":14,"minecraft:stone_pickaxe":188,"minecraft:mangrove_planks":6,"minecraft:oak_planks":110,"minecraft:wooden_pickaxe":3,"minecraft:mossy_cobblestone":1,"minecraft:crafting_table":10,"minecraft:blast_furnace":1,"minecraft:white_bed":10,"minecraft:smoker":2,"minecraft:mud":1,"minecraft:apple":2,"minecraft:bread":19,"minecraft:brown_wool":2,"minecraft:iron_pickaxe":6,"minecraft:gravel":2,"minecraft:stone_axe":199,"minecraft:white_banner":1,"tconstruct:crafting_station":1,"minecraft:bucket":18,"minecraft:gray_wool":1},"minecraft:mined":{"minecraft:white_bed":7,"minecraft:mossy_cobblestone":1,"tconstruct:sky_slime_crystal_block":10,"minecraft:jungle_leaves":1,"tconstruct:seared_bricks":10,"minecraft:grass_block":7,"minecraft:furnace":2,"minecraft:iron_ore":8,"minecraft:bookshelf":6,"minecraft:white_banner":1,"minecraft:iron_block":7,"minecraft:stone":36,"tconstruct:sky_slime_dirt":3,"minecraft:white_wool":4,"minecraft:smoker":2,"minecraft:clay":42,"minecraft:crafting_table":8,"minecraft:blast_furnace":2,"minecraft:calcite":1,"minecraft:chest":3,"minecraft:copper_ore":1,"minecraft:cobblestone":24,"minecraft:tall_grass":2,"minecraft:lapis_ore":3,"minecraft:sugar_cane":3,"minecraft:oak_planks":7,"tconstruct:budding_sky_slime_crystal":3,"tconstruct:sky_slime_leaves":8,"minecraft:mud":1,"minecraft:birch_log":8,"minecraft:birch_leaves":1,"tconstruct:skyroot_log":10,"minecraft:mangrove_leaves":1,"minecraft:grass":25,"minecraft:oak_log":221,"minecraft:coal_ore":83,"minecraft:sand":193,"minecraft:gravel":97,"minecraft:dirt":3,"minecraft:mangrove_log":3,"minecraft:oak_leaves":71,"minecraft:fern":1,"tconstruct:sky_congealed_slime":79},"minecraft:picked_up":{"minecraft:wooden_axe":2,"minecraft:mud":1,"minecraft:crafting_table":8,"minecraft:splash_potion":1,"minecraft:clay_ball":168,"tconstruct:materials_and_you":1,"minecraft:lead":3,"tconstruct:skyroot_log":20,"minecraft:enchanted_book":1,"minecraft:potion":1,"minecraft:string":39,"minecraft:raw_copper":2,"biomesoplenty:spanish_moss":1,"minecraft:beef":29,"minecraft:calcite":1,"minecraft:iron_nugget":6,"minecraft:poppy":2,"minecraft:light_gray_wool":1,"minecraft:sugar_cane":13,"minecraft:chest":4,"minecraft:birch_sapling":14,"minecraft:mangrove_log":3,"minecraft:furnace":2,"minecraft:stick":70,"minecraft:raw_iron":8,"minecraft:oak_door":2,"minecraft:torch":2,"minecraft:porkchop":9,"tconstruct:sky_slime_dirt":3,"tconstruct:sky_slime_ball":579,"minecraft:arrow":4,"minecraft:beetroot_seeds":2,"minecraft:iron_block":6,"minecraft:mangrove_roots":1,"minecraft:mutton":21,"tconstruct:seared_bricks":10,"minecraft:cobblestone":68,"minecraft:white_wool":16,"minecraft:birch_log":9,"minecraft:cooked_beef":10,"minecraft:brown_wool":2,"minecraft:leather":7,"minecraft:smoker":1,"minecraft:flint":15,"minecraft:oak_log":222,"minecraft:gunpowder":1,"minecraft:lapis_lazuli":34,"minecraft:dirt":18,"tconstruct:sky_slime_crystal_block":11,"minecraft:white_banner":2,"minecraft:cooked_mutton":14,"minecraft:apple":9,"minecraft:wheat_seeds":8,"minecraft:iron_ingot":5,"tconstruct:sky_slime_sapling":10,"minecraft:oak_planks":25,"minecraft:book":18,"minecraft:gravel":81,"minecraft:raw_iron_block":2,"minecraft:sand":193,"minecraft:blast_furnace":2,"minecraft:white_bed":8,"minecraft:spider_eye":5,"minecraft:mossy_cobblestone":1,"minecraft:stone_axe":1,"minecraft:iron_helmet":1,"minecraft:gray_wool":1,"minecraft:bread":19,"minecraft:oak_sapling":84,"minecraft:hopper":1,"minecraft:black_wool":1,"minecraft:coal":222},"minecraft:crafted":{"tconstruct:pattern":3,"minecraft:oak_planks":224,"minecraft:raw_iron":18,"minecraft:stone_shovel":5,"minecraft:furnace":5,"minecraft:flint_and_steel":2,"minecraft:iron_boots":1,"minecraft:iron_axe":1,"minecraft:stone_pickaxe":3,"tconstruct:seared_brick":144,"minecraft:chest":3,"minecraft:smoker":1,"minecraft:cooked_beef":9,"minecraft:wooden_shovel":1,"minecraft:crafting_table":4,"tconstruct:modifier_worktable":1,"minecraft:wooden_pickaxe":1,"minecraft:mangrove_planks":12,"minecraft:bucket":2,"minecraft:birch_planks":20,"minecraft:stone_axe":2,"minecraft:air":0,"minecraft:iron_chestplate":2,"minecraft:shield":1,"tconstruct:crafting_station":1,"minecraft:stick":28,"minecraft:iron_pickaxe":1,"minecraft:iron_ingot":80,"minecraft:wooden_axe":1,"minecraft:stone_sword":1,"minecraft:iron_leggings":1,"minecraft:white_bed":2,"tconstruct:seared_bricks":36,"minecraft:torch":36,"tconstruct:grout":158},"minecraft:custom":{"minecraft:mob_kills":45,"minecraft:interact_with_crafting_table":34,"minecraft:leave_game":1,"minecraft:time_since_death":154987,"minecraft:climb_one_cm":4069,"minecraft:sprint_one_cm":533488,"minecraft:walk_one_cm":295656,"minecraft:damage_blocked_by_shield":455,"minecraft:drop":41,"minecraft:talked_to_villager":6,"minecraft:play_time":154987,"minecraft:sneak_time":13526,"minecraft:walk_under_water_one_cm":12092,"minecraft:boat_one_cm":24400,"minecraft:jump":2955,"minecraft:interact_with_blast_furnace":9,"minecraft:walk_on_water_one_cm":36670,"minecraft:total_world_time":154987,"minecraft:interact_with_furnace":20,"minecraft:sleep_in_bed":12,"minecraft:time_since_rest":781,"minecraft:damage_taken":1390,"minecraft:damage_dealt":5742,"minecraft:swim_one_cm":87880,"minecraft:fly_one_cm":571209,"minecraft:open_chest":49,"minecraft:crouch_one_cm":28595,"minecraft:interact_with_smoker":7,"minecraft:fall_one_cm":78291},"minecraft:broken":{"minecraft:flint_and_steel":1,"minecraft:stone_axe":2},"minecraft:killed":{"minecraft:cave_spider":11,"minecraft:spider":3,"minecraft:pig":4,"minecraft:creeper":1,"minecraft:sheep":15,"minecraft:pillager":4,"minecraft:zombie":1,"minecraft:cow":3},"minecraft:dropped":{"minecraft:iron_ingot":2,"minecraft:cooked_beef":9,"minecraft:crafting_table":1,"minecraft:coal":79,"minecraft:flint":4,"minecraft:wooden_axe":3,"biomesoplenty:spanish_moss":1,"minecraft:white_banner":1,"minecraft:string":39,"minecraft:white_wool":5,"minecraft:oak_door":1,"minecraft:furnace":1,"minecraft:stone_axe":1,"minecraft:mangrove_roots":1,"minecraft:iron_nugget":6,"minecraft:birch_sapling":1,"minecraft:light_gray_wool":1,"minecraft:oak_planks":13,"minecraft:poppy":2,"minecraft:gunpowder":1,"minecraft:iron_chestplate":1,"minecraft:beetroot_seeds":2,"minecraft:hopper":1,"minecraft:wooden_shovel":1,"minecraft:spider_eye":5,"minecraft:wooden_pickaxe":1,"minecraft:beef":17,"minecraft:black_wool":1}},"DataVersion":3120}