{"stats":{"minecraft:killed":{"minecraft:cave_spider":11,"minecraft:spider":3,"minecraft:pig":4,"minecraft:creeper":2,"minecraft:sheep":15,"minecraft:pillager":4,"minecraft:zombie":8,"minecraft:cow":3},"minecraft:mined":{"minecraft:white_bed":7,"minecraft:mossy_cobblestone":1,"tconstruct:sky_slime_crystal_block":10,"minecraft:jungle_leaves":1,"tconstruct:seared_bricks":15,"tconstruct:modifier_worktable":2,"minecraft:grass_block":16,"minecraft:spruce_leaves":2,"minecraft:spawner":1,"minecraft:furnace":2,"minecraft:iron_ore":8,"tconstruct:seared_melter":1,"minecraft:bookshelf":6,"minecraft:deepslate_iron_ore":6,"minecraft:iron_block":7,"tconstruct:sky_slime_dirt":3,"minecraft:stone":36,"minecraft:white_banner":1,"minecraft:white_wool":4,"minecraft:smoker":2,"minecraft:clay":62,"minecraft:crafting_table":8,"minecraft:blast_furnace":2,"minecraft:calcite":1,"tconstruct:seared_basin":1,"minecraft:chest":3,"minecraft:copper_ore":1,"minecraft:tall_grass":2,"tconstruct:seared_ingot_tank":1,"minecraft:cobblestone":25,"minecraft:lapis_ore":3,"minecraft:oak_planks":7,"minecraft:sugar_cane":3,"minecraft:deepslate_copper_ore":9,"tconstruct:sky_slime_leaves":8,"tconstruct:budding_sky_slime_crystal":3,"tconstruct:smeltery_controller":1,"minecraft:mud":1,"tconstruct:seared_faucet":1,"minecraft:birch_log":8,"minecraft:birch_leaves":1,"tconstruct:skyroot_log":10,"minecraft:mangrove_leaves":1,"minecraft:grass":25,"minecraft:oak_log":222,"minecraft:coal_ore":83,"minecraft:gravel":316,"minecraft:dirt":3,"minecraft:sand":310,"tconstruct:seared_heater":1,"minecraft:mangrove_log":3,"minecraft:oak_leaves":71,"tconstruct:sky_congealed_slime":79,"minecraft:fern":1},"minecraft:custom":{"minecraft:mob_kills":55,"minecraft:interact_with_crafting_table":47,"minecraft:open_barrel":1,"minecraft:leave_game":7,"minecraft:time_since_death":231995,"minecraft:climb_one_cm":5477,"minecraft:sprint_one_cm":724663,"minecraft:walk_one_cm":412745,"minecraft:damage_blocked_by_shield":1010,"minecraft:drop":62,"minecraft:talked_to_villager":6,"minecraft:play_time":231995,"minecraft:sneak_time":18897,"minecraft:walk_under_water_one_cm":25825,"minecraft:boat_one_cm":24400,"minecraft:jump":3730,"minecraft:interact_with_blast_furnace":11,"minecraft:walk_on_water_one_cm":79473,"minecraft:total_world_time":231995,"minecraft:interact_with_furnace":52,"minecraft:sleep_in_bed":15,"minecraft:time_since_rest":45309,"minecraft:damage_taken":1895,"minecraft:damage_dealt":7454,"minecraft:swim_one_cm":141522,"minecraft:fly_one_cm":711679,"minecraft:open_chest":109,"minecraft:crouch_one_cm":39162,"minecraft:interact_with_smoker":7,"minecraft:fall_one_cm":97508},"minecraft:broken":{"minecraft:flint_and_steel":1,"minecraft:stone_axe":2,"minecraft:stone_shovel":1},"minecraft:dropped":{"minecraft:iron_ingot":2,"minecraft:cooked_beef":9,"minecraft:crafting_table":1,"minecraft:poisonous_potato":2,"minecraft:copper_ingot":3,"minecraft:coal":79,"minecraft:flint":4,"minecraft:wooden_axe":3,"biomesoplenty:spanish_moss":1,"minecraft:white_banner":1,"minecraft:string":39,"minecraft:white_wool":5,"minecraft:oak_door":1,"minecraft:furnace":1,"minecraft:stone_axe":1,"minecraft:mangrove_roots":1,"minecraft:iron_nugget":6,"tconstruct:blank_sand_cast":4,"minecraft:birch_sapling":1,"minecraft:rotten_flesh":4,"minecraft:light_gray_wool":1,"minecraft:oak_planks":13,"minecraft:poppy":2,"minecraft:gunpowder":1,"minecraft:iron_chestplate":1,"minecraft:beetroot_seeds":2,"minecraft:hopper":1,"minecraft:wooden_shovel":1,"minecraft:spider_eye":5,"minecraft:glass":15,"minecraft:beef":17,"minecraft:wooden_pickaxe":1,"minecraft:black_wool":1},"minecraft:used":{"minecraft:iron_shovel":292,"minecraft:flint_and_steel":85,"minecraft:stone_shovel":405,"minecraft:chest":7,"minecraft:shield":44,"minecraft:wooden_shovel":1,"minecraft:iron_chestplate":1,"minecraft:oak_door":1,"tconstruct:seared_fuel_tank":1,"minecraft:torch":27,"tconstruct:seared_drain":1,"minecraft:dirt":18,"minecraft:mutton":2,"tconstruct:seared_bricks":45,"tconstruct:seared_heater":2,"minecraft:wooden_axe":3,"minecraft:lava_bucket":33,"minecraft:iron_axe":161,"tconstruct:seared_faucet":3,"minecraft:oak_sapling":1,"minecraft:furnace":4,"tconstruct:smeltery_controller":2,"minecraft:cooked_beef":10,"tconstruct:part_builder":1,"minecraft:calcite":1,"minecraft:cooked_mutton":11,"minecraft:water_bucket":20,"tconstruct:modifier_worktable":3,"minecraft:stone_pickaxe":199,"minecraft:oak_planks":110,"minecraft:mangrove_planks":6,"minecraft:wooden_pickaxe":3,"minecraft:mossy_cobblestone":1,"minecraft:crafting_table":10,"minecraft:blast_furnace":1,"minecraft:white_bed":10,"tconstruct:seared_basin":2,"minecraft:smoker":2,"minecraft:mud":1,"minecraft:apple":2,"tconstruct:seared_table":1,"minecraft:bread":25,"minecraft:brown_wool":2,"minecraft:iron_pickaxe":25,"tconstruct:seared_ingot_tank":1,"minecraft:gravel":3,"minecraft:stone_axe":199,"tconstruct:seared_melter":2,"minecraft:white_banner":1,"tconstruct:crafting_station":1,"minecraft:bucket":58,"minecraft:gray_wool":1},"minecraft:crafted":{"tconstruct:pattern":9,"minecraft:oak_planks":224,"minecraft:stone_shovel":5,"minecraft:raw_iron":18,"minecraft:coal":27,"tconstruct:part_builder":1,"minecraft:furnace":5,"tconstruct:seared_basin":1,"minecraft:flint_and_steel":2,"tconstruct:seared_melter":1,"minecraft:iron_boots":1,"minecraft:iron_axe":1,"tconstruct:seared_table":1,"tconstruct:materials_and_you":1,"minecraft:stone_pickaxe":3,"tconstruct:seared_brick":350,"minecraft:chest":3,"tconstruct:seared_fuel_tank":1,"tconstruct:seared_ingot_tank":1,"minecraft:smoker":1,"minecraft:cooked_beef":9,"minecraft:wooden_shovel":1,"minecraft:crafting_table":4,"tconstruct:modifier_worktable":1,"minecraft:wooden_pickaxe":1,"tconstruct:blank_sand_cast":4,"minecraft:copper_ingot":2,"minecraft:mangrove_planks":12,"minecraft:bucket":2,"minecraft:birch_planks":20,"minecraft:stone_axe":2,"tconstruct:seared_drain":1,"minecraft:air":0,"tconstruct:seared_heater":2,"tconstruct:seared_ingot_gauge":1,"minecraft:iron_chestplate":2,"minecraft:shield":1,"tconstruct:crafting_station":1,"minecraft:stick":28,"minecraft:iron_ingot":80,"minecraft:iron_pickaxe":1,"minecraft:wooden_axe":1,"minecraft:stone_sword":1,"minecraft:iron_shovel":3,"minecraft:iron_leggings":1,"minecraft:white_bed":2,"tconstruct:seared_bricks":38,"minecraft:torch":36,"tconstruct:grout":496},"minecraft:picked_up":{"minecraft:wooden_axe":2,"minecraft:mud":1,"minecraft:crafting_table":8,"minecraft:splash_potion":1,"minecraft:clay_ball":248,"tconstruct:materials_and_you":1,"minecraft:lead":3,"tconstruct:skyroot_log":20,"minecraft:potion":1,"minecraft:enchanted_book":1,"minecraft:string":42,"tconstruct:smeltery_controller":1,"minecraft:raw_copper":33,"biomesoplenty:spanish_moss":1,"minecraft:beef":29,"minecraft:calcite":1,"minecraft:iron_nugget":6,"minecraft:poppy":2,"minecraft:light_gray_wool":1,"minecraft:sugar_cane":13,"minecraft:chest":4,"minecraft:birch_sapling":14,"minecraft:mangrove_log":3,"tconstruct:modifier_worktable":2,"minecraft:furnace":2,"minecraft:stick":70,"minecraft:raw_iron":14,"minecraft:oak_door":2,"minecraft:copper_ingot":5,"minecraft:torch":4,"minecraft:porkchop":9,"tconstruct:sky_slime_dirt":3,"tconstruct:seared_faucet":1,"tconstruct:sky_slime_ball":579,"minecraft:arrow":4,"minecraft:rotten_flesh":4,"minecraft:beetroot_seeds":2,"minecraft:iron_block":6,"minecraft:mangrove_roots":1,"minecraft:mutton":21,"minecraft:white_wool":16,"minecraft:cobblestone":69,"tconstruct:seared_bricks":13,"minecraft:birch_log":9,"minecraft:cooked_beef":10,"minecraft:brown_wool":2,"minecraft:leather":7,"minecraft:smoker":1,"minecraft:flint":34,"minecraft:oak_log":223,"minecraft:gunpowder":3,"minecraft:lapis_lazuli":34,"minecraft:dirt":19,"tconstruct:sky_slime_crystal_block":11,"minecraft:white_banner":2,"minecraft:cooked_mutton":14,"minecraft:apple":9,"tconstruct:seared_heater":2,"minecraft:wheat_seeds":8,"minecraft:iron_ingot":5,"tconstruct:sky_slime_sapling":10,"minecraft:oak_planks":27,"minecraft:book":18,"minecraft:poisonous_potato":2,"minecraft:raw_iron_block":2,"minecraft:gravel":281,"minecraft:sand":310,"minecraft:blast_furnace":2,"minecraft:white_bed":8,"minecraft:spider_eye":5,"minecraft:mossy_cobblestone":1,"tconstruct:seared_basin":1,"minecraft:stone_axe":1,"minecraft:iron_helmet":1,"minecraft:gray_wool":1,"tconstruct:seared_melter":1,"minecraft:bread":37,"minecraft:oak_sapling":84,"minecraft:black_wool":1,"minecraft:coal":239,"minecraft:hopper":1}},"DataVersion":3120}