{"stats":{"minecraft:killed":{"twilightforest:boar":2,"minecraft:cave_spider":11,"minecraft:spider":5,"minecraft:skeleton":3,"minecraft:pig":4,"twilightforest:raven":1,"minecraft:creeper":2,"twilightforest:skeleton_druid":3,"minecraft:sheep":15,"minecraft:pillager":4,"minecraft:zombie":17,"minecraft:cow":3,"twilightforest:deer":1,"twilightforest:naga":1,"twilightforest:swarm_spider":3,"twilightforest:hedge_spider":1,"twilightforest:tiny_bird":1,"twilightforest:kobold":2,"minecraft:hoglin":4,"twilightforest:bighorn_sheep":1},"minecraft:mined":{"minecraft:white_bed":7,"tconstruct:sky_slime_crystal_block":10,"minecraft:jungle_leaves":1,"tconstruct:seared_bricks":15,"biomesoplenty:burning_blossom":14,"minecraft:granite":3,"minecraft:grass_block":34,"ironchest:copper_chest":1,"minecraft:spawner":3,"minecraft:iron_ore":14,"minecraft:fire":1,"tconstruct:seared_melter":1,"minecraft:deepslate_lapis_ore":6,"minecraft:dirt_path":2,"minecraft:white_banner":1,"tconstruct:sky_slime_dirt":3,"minecraft:iron_block":7,"minecraft:deepslate_redstone_ore":44,"minecraft:smoker":2,"minecraft:amethyst_cluster":1,"minecraft:clay":74,"minecraft:blast_furnace":2,"minecraft:calcite":5,"minecraft:chest":3,"minecraft:nether_quartz_ore":2,"minecraft:cobblestone":32,"minecraft:sugar_cane":3,"minecraft:oak_planks":9,"minecraft:wall_torch":2,"minecraft:deepslate_copper_ore":9,"tconstruct:large_earth_slime_crystal_bud":2,"tconstruct:budding_sky_slime_crystal":3,"minecraft:mud":1,"tconstruct:seared_faucet":1,"twilightforest:cicada":2,"minecraft:birch_log":8,"minecraft:grass":49,"minecraft:oak_log":224,"minecraft:sand":310,"minecraft:dirt":15,"tconstruct:seared_heater":1,"minecraft:mangrove_log":3,"minecraft:smooth_basalt":2,"twilightforest:canopy_log":4,"minecraft:oak_leaves":74,"minecraft:deepslate":46,"twilightforest:firefly":2,"minecraft:tuff":1,"minecraft:mossy_cobblestone":2,"minecraft:deepslate_diamond_ore":8,"tconstruct:modifier_worktable":2,"tconstruct:earth_slime_crystal_block":11,"minecraft:spruce_leaves":2,"biomesoplenty:dead_grass":3,"twilightforest:mushgloom":1,"minecraft:furnace":2,"tconstruct:budding_earth_slime_crystal":1,"minecraft:andesite":4,"twilightforest:twilight_oak_leaves":1,"minecraft:bookshelf":6,"minecraft:deepslate_iron_ore":50,"minecraft:stone":90,"minecraft:white_wool":4,"twilightforest:hedge":2,"minecraft:crafting_table":13,"tconstruct:earth_slime_crystal_cluster":1,"tconstruct:seared_basin":1,"minecraft:rose_bush":26,"tconstruct:seared_ingot_tank":1,"minecraft:tall_grass":2,"minecraft:copper_ore":8,"minecraft:lapis_ore":3,"minecraft:deepslate_gold_ore":31,"twilightforest:mayapple":1,"tconstruct:sky_slime_leaves":8,"tconstruct:smeltery_controller":1,"minecraft:birch_leaves":1,"tconstruct:skyroot_log":10,"minecraft:mangrove_leaves":1,"minecraft:coal_ore":83,"minecraft:gravel":316,"minecraft:fern":1,"tconstruct:sky_congealed_slime":79},"minecraft:custom":{"minecraft:interact_with_crafting_table":60,"minecraft:open_barrel":2,"minecraft:leave_game":9,"minecraft:time_since_death":392037,"minecraft:sprint_one_cm":1146800,"minecraft:damage_blocked_by_shield":2750,"minecraft:drop":124,"minecraft:talked_to_villager":6,"minecraft:play_time":392037,"minecraft:jump":6038,"minecraft:walk_on_water_one_cm":102598,"minecraft:interact_with_furnace":60,"minecraft:sleep_in_bed":21,"minecraft:damage_dealt":14370,"minecraft:crouch_one_cm":70831,"minecraft:interact_with_smoker":14,"minecraft:mob_kills":94,"minecraft:inspect_hopper":2,"minecraft:climb_one_cm":5730,"minecraft:walk_one_cm":658584,"minecraft:sneak_time":29705,"minecraft:walk_under_water_one_cm":42441,"minecraft:boat_one_cm":29231,"minecraft:interact_with_blast_furnace":21,"minecraft:total_world_time":392037,"minecraft:time_since_rest":10345,"minecraft:damage_taken":3890,"minecraft:swim_one_cm":204236,"minecraft:fly_one_cm":1147194,"minecraft:open_chest":199,"minecraft:fall_one_cm":141159},"minecraft:broken":{"minecraft:stone_pickaxe":1,"minecraft:stone_axe":2,"minecraft:stone_shovel":1,"minecraft:flint_and_steel":1,"minecraft:iron_axe":1},"minecraft:dropped":{"minecraft:porkchop":3,"minecraft:cooked_beef":9,"minecraft:crafting_table":2,"minecraft:leather":2,"minecraft:mossy_stone_brick_stairs":4,"twilightforest:naga_scale":7,"minecraft:cracked_stone_bricks":2,"minecraft:mossy_cobblestone_wall":1,"minecraft:cobblestone_stairs":2,"minecraft:flint":4,"tconstruct:materials_and_you":1,"biomesoplenty:spanish_moss":1,"twilightforest:cracked_etched_nagastone":2,"minecraft:white_wool":5,"minecraft:bone":4,"minecraft:oak_door":1,"minecraft:stone_axe":1,"minecraft:mangrove_roots":1,"minecraft:iron_nugget":6,"minecraft:wheat":1,"minecraft:birch_sapling":1,"minecraft:rotten_flesh":12,"minecraft:oak_planks":13,"minecraft:carrot":1,"minecraft:chiseled_stone_bricks":3,"minecraft:poppy":2,"minecraft:gunpowder":3,"twilightforest:cracked_nagastone_pillar":5,"minecraft:beetroot_seeds":2,"minecraft:hopper":1,"minecraft:beef":17,"minecraft:arrow":4,"minecraft:glass":15,"minecraft:stone_brick_stairs":4,"minecraft:iron_ingot":2,"minecraft:wheat_seeds":3,"minecraft:mossy_cobblestone":1,"minecraft:poisonous_potato":6,"minecraft:cobblestone":1,"minecraft:feather":1,"minecraft:copper_ingot":3,"twilightforest:etched_nagastone":4,"minecraft:coal":79,"minecraft:polished_andesite":4,"twilightforest:spiral_bricks":4,"minecraft:wooden_axe":3,"minecraft:rose_bush":18,"minecraft:white_banner":1,"minecraft:mossy_cobblestone_stairs":2,"twilightforest:mushgloom":1,"minecraft:string":43,"minecraft:smooth_basalt":2,"minecraft:furnace":1,"tconstruct:blank_sand_cast":4,"minecraft:tuff":2,"minecraft:light_gray_wool":1,"twilightforest:mossy_etched_nagastone":2,"minecraft:cyan_wool":1,"twilightforest:mossy_nagastone_stairs_left":2,"minecraft:iron_chestplate":1,"minecraft:mossy_stone_bricks":6,"minecraft:wooden_shovel":1,"minecraft:spider_eye":7,"minecraft:stone_bricks":10,"minecraft:wooden_pickaxe":1,"minecraft:black_wool":1},"minecraft:used":{"minecraft:iron_shovel":325,"minecraft:chest":7,"minecraft:shield":109,"twilightforest:canopy_sapling":1,"minecraft:iron_chestplate":1,"tconstruct:seared_fuel_tank":1,"minecraft:mutton":2,"ironchest:iron_chest":1,"minecraft:tuff":1,"minecraft:lava_bucket":45,"tconstruct:seared_faucet":3,"minecraft:written_book":1,"minecraft:oak_sapling":1,"minecraft:furnace":4,"tconstruct:smeltery_controller":2,"minecraft:stone_pickaxe":277,"minecraft:oak_planks":119,"minecraft:mangrove_planks":6,"minecraft:wooden_pickaxe":3,"ironchest:copper_chest":1,"minecraft:blast_furnace":1,"minecraft:bread":37,"minecraft:brown_wool":2,"tconstruct:seared_ingot_tank":1,"ironchest:iron_to_gold_chest_upgrade":1,"minecraft:gravel":3,"tconstruct:crafting_station":1,"minecraft:andesite":4,"minecraft:oak_boat":2,"twilightforest:canopy_planks":3,"minecraft:rose_bush":14,"minecraft:stone_sword":41,"minecraft:flint_and_steel":86,"minecraft:stone_shovel":405,"minecraft:wooden_shovel":1,"minecraft:oak_door":1,"minecraft:torch":153,"tconstruct:seared_drain":1,"minecraft:dirt":45,"tconstruct:seared_bricks":45,"minecraft:granite":3,"tconstruct:seared_heater":2,"minecraft:wooden_axe":3,"minecraft:iron_axe":202,"minecraft:cooked_beef":13,"tconstruct:part_builder":1,"biomesoplenty:burning_blossom":6,"minecraft:calcite":5,"minecraft:cooked_mutton":18,"minecraft:water_bucket":47,"tconstruct:modifier_worktable":3,"minecraft:mossy_cobblestone":1,"minecraft:crafting_table":15,"minecraft:red_mushroom":1,"twilightforest:canopy_log":1,"minecraft:white_bed":10,"tconstruct:seared_basin":2,"minecraft:smoker":2,"minecraft:mud":1,"minecraft:apple":2,"tconstruct:seared_table":1,"minecraft:iron_pickaxe":242,"minecraft:stone_axe":254,"minecraft:cobblestone":55,"tconstruct:seared_melter":2,"twilightforest:nagastone_pillar":1,"minecraft:white_banner":1,"minecraft:cooked_porkchop":14,"minecraft:bucket":97,"minecraft:gray_wool":1},"minecraft:crafted":{"minecraft:oak_planks":264,"tconstruct:puny_smelting":1,"tconstruct:tinkers_gadgetry":1,"minecraft:cooked_mutton":4,"tconstruct:seared_melter":1,"tconstruct:travelers_helmet":1,"minecraft:iron_boots":1,"tconstruct:materials_and_you":1,"tconstruct:seared_brick":350,"minecraft:chest":4,"tconstruct:seared_fuel_tank":1,"tconstruct:seared_ingot_tank":1,"minecraft:smoker":1,"minecraft:wooden_shovel":1,"minecraft:crafting_table":6,"minecraft:wooden_pickaxe":1,"tconstruct:modifier_worktable":1,"tconstruct:blank_sand_cast":4,"minecraft:copper_ingot":12,"minecraft:birch_planks":20,"minecraft:iron_chestplate":2,"minecraft:shield":1,"minecraft:stick":36,"minecraft:iron_ingot":102,"minecraft:iron_pickaxe":1,"minecraft:stone_sword":1,"minecraft:gold_ingot":5,"tconstruct:seared_bricks":38,"tconstruct:pattern":9,"minecraft:raw_iron":18,"minecraft:coal":27,"minecraft:stone_shovel":5,"tconstruct:part_builder":1,"minecraft:furnace":5,"tconstruct:seared_basin":1,"minecraft:glass_pane":16,"minecraft:flint_and_steel":2,"minecraft:iron_axe":1,"tconstruct:seared_table":1,"minecraft:stone_pickaxe":4,"twilightforest:canopy_planks":12,"minecraft:redstone_block":21,"minecraft:cooked_beef":12,"ironchest:copper_chest":1,"minecraft:mangrove_planks":12,"minecraft:bucket":2,"minecraft:stone_axe":3,"tconstruct:seared_drain":1,"minecraft:air":0,"tconstruct:seared_heater":2,"minecraft:oak_boat":1,"tconstruct:seared_ingot_gauge":1,"ironchest:iron_to_gold_chest_upgrade":1,"tconstruct:crafting_station":1,"minecraft:wooden_axe":1,"minecraft:iron_shovel":3,"minecraft:iron_leggings":1,"minecraft:white_bed":2,"minecraft:torch":156,"ironchest:iron_chest":1,"tconstruct:grout":496},"minecraft:picked_up":{"minecraft:wooden_axe":2,"biomesoplenty:burning_blossom":14,"minecraft:wheat":1,"minecraft:redstone_block":21,"minecraft:lead":3,"minecraft:potion":1,"minecraft:enchanted_book":1,"minecraft:stone_brick_stairs":4,"minecraft:string":46,"tconstruct:smeltery_controller":1,"minecraft:raw_copper":99,"twilightforest:mossy_nagastone_stairs_left":2,"minecraft:cobbled_deepslate":55,"minecraft:rose_bush":32,"minecraft:written_book":1,"minecraft:calcite":5,"minecraft:mangrove_log":3,"minecraft:furnace":2,"minecraft:stick":78,"minecraft:torch":35,"twilightforest:cracked_etched_nagastone":2,"minecraft:porkchop":20,"tconstruct:seared_faucet":1,"minecraft:rotten_flesh":12,"minecraft:iron_block":6,"tconstruct:earth_slime_crystal_block":22,"minecraft:mangrove_roots":1,"minecraft:cobblestone":130,"tconstruct:seared_bricks":13,"minecraft:birch_log":9,"minecraft:feather":1,"minecraft:cooked_beef":10,"minecraft:andesite":4,"minecraft:brown_wool":2,"minecraft:smoker":1,"ironchest:copper_chest":1,"minecraft:flint":34,"minecraft:tuff":3,"minecraft:lapis_lazuli":106,"minecraft:dirt":46,"twilightforest:canopy_sapling":3,"minecraft:bone":8,"minecraft:wheat_seeds":11,"minecraft:raw_gold":64,"minecraft:mossy_stone_bricks":6,"tconstruct:sky_slime_sapling":10,"minecraft:oak_planks":33,"minecraft:mossy_stone_brick_stairs":4,"twilightforest:mushgloom":1,"minecraft:cooked_porkchop":19,"minecraft:poisonous_potato":6,"minecraft:sand":310,"twilightforest:canopy_log":4,"minecraft:mossy_cobblestone":2,"twilightforest:mossy_etched_nagastone":2,"minecraft:polished_andesite":4,"twilightforest:twilight_oak_sapling":27,"minecraft:diamond":14,"tconstruct:seared_basin":1,"minecraft:granite":3,"minecraft:bread":37,"minecraft:oak_sapling":84,"twilightforest:torchberries":1,"minecraft:mud":1,"minecraft:crafting_table":13,"minecraft:splash_potion":1,"minecraft:clay_ball":344,"tconstruct:materials_and_you":1,"tconstruct:skyroot_log":20,"tconstruct:earth_slime_crystal":8,"minecraft:magenta_wool":1,"biomesoplenty:spanish_moss":1,"minecraft:cracked_stone_bricks":2,"minecraft:mossy_cobblestone_wall":1,"minecraft:beef":29,"minecraft:oak_boat":2,"minecraft:cyan_wool":1,"twilightforest:naga_scale":7,"minecraft:iron_nugget":6,"minecraft:poppy":2,"minecraft:light_gray_wool":1,"minecraft:sugar_cane":13,"minecraft:chest":4,"minecraft:birch_sapling":14,"tconstruct:modifier_worktable":2,"minecraft:raw_iron":63,"minecraft:oak_door":2,"minecraft:copper_ingot":6,"tconstruct:sky_slime_dirt":3,"minecraft:redstone":210,"minecraft:carrot":1,"twilightforest:firefly":2,"tconstruct:sky_slime_ball":579,"minecraft:arrow":8,"minecraft:beetroot_seeds":2,"twilightforest:cicada":2,"twilightforest:etched_nagastone":4,"minecraft:gold_ingot":4,"minecraft:mutton":24,"minecraft:white_wool":16,"minecraft:leather":12,"minecraft:red_mushroom":1,"minecraft:oak_log":225,"minecraft:gunpowder":5,"minecraft:cobblestone_stairs":2,"tconstruct:sky_slime_crystal_block":11,"minecraft:white_banner":2,"minecraft:cooked_mutton":14,"twilightforest:raw_venison":2,"tconstruct:seared_heater":2,"minecraft:apple":9,"minecraft:stone_bricks":10,"minecraft:iron_ingot":8,"minecraft:book":18,"minecraft:smooth_basalt":2,"twilightforest:nagastone_pillar":1,"minecraft:chiseled_stone_bricks":3,"minecraft:quartz":2,"minecraft:raw_iron_block":2,"minecraft:gravel":281,"minecraft:amethyst_shard":8,"twilightforest:cracked_nagastone_pillar":5,"minecraft:blast_furnace":2,"minecraft:white_bed":8,"minecraft:spider_eye":7,"minecraft:stone_axe":1,"twilightforest:raven_feather":2,"minecraft:iron_helmet":1,"minecraft:mossy_cobblestone_stairs":2,"minecraft:gray_wool":1,"tconstruct:seared_melter":1,"minecraft:hopper":1,"twilightforest:spiral_bricks":5,"minecraft:black_wool":1,"minecraft:coal":239}},"DataVersion":3120}