{"stats":{"minecraft:used":{"minecraft:stone_shovel":334,"minecraft:chest":7,"minecraft:shield":34,"minecraft:wooden_shovel":1,"minecraft:iron_chestplate":1,"minecraft:torch":14,"minecraft:dirt":11,"minecraft:mutton":2,"minecraft:wooden_axe":3,"minecraft:oak_sapling":1,"minecraft:furnace":4,"minecraft:cooked_beef":10,"minecraft:calcite":1,"minecraft:water_bucket":12,"minecraft:stone_pickaxe":180,"minecraft:mangrove_planks":6,"minecraft:oak_planks":99,"minecraft:wooden_pickaxe":3,"minecraft:mossy_cobblestone":1,"minecraft:crafting_table":10,"minecraft:blast_furnace":1,"minecraft:white_bed":10,"minecraft:smoker":2,"minecraft:mud":1,"minecraft:apple":2,"minecraft:bread":12,"minecraft:brown_wool":2,"minecraft:gravel":2,"minecraft:stone_axe":157,"minecraft:white_banner":1,"minecraft:bucket":13,"minecraft:gray_wool":1},"minecraft:mined":{"minecraft:white_bed":7,"minecraft:mossy_cobblestone":1,"tconstruct:sky_slime_crystal_block":10,"minecraft:jungle_leaves":1,"minecraft:furnace":2,"minecraft:iron_ore":8,"minecraft:bookshelf":6,"minecraft:white_banner":1,"minecraft:iron_block":7,"minecraft:stone":33,"tconstruct:sky_slime_dirt":3,"minecraft:white_wool":4,"minecraft:smoker":2,"minecraft:clay":42,"minecraft:crafting_table":8,"minecraft:blast_furnace":2,"minecraft:calcite":1,"minecraft:chest":3,"minecraft:cobblestone":24,"minecraft:tall_grass":2,"minecraft:lapis_ore":3,"minecraft:sugar_cane":3,"minecraft:oak_planks":3,"tconstruct:budding_sky_slime_crystal":3,"tconstruct:sky_slime_leaves":8,"minecraft:mud":1,"minecraft:birch_log":5,"minecraft:birch_leaves":1,"tconstruct:skyroot_log":10,"minecraft:mangrove_leaves":1,"minecraft:grass":3,"minecraft:oak_log":59,"minecraft:coal_ore":83,"minecraft:sand":193,"minecraft:gravel":97,"minecraft:dirt":3,"minecraft:mangrove_log":3,"minecraft:oak_leaves":14,"minecraft:fern":1,"tconstruct:sky_congealed_slime":79},"minecraft:picked_up":{"minecraft:wooden_axe":2,"minecraft:mud":1,"minecraft:crafting_table":8,"minecraft:splash_potion":1,"minecraft:clay_ball":168,"tconstruct:materials_and_you":1,"minecraft:lead":3,"tconstruct:skyroot_log":20,"minecraft:enchanted_book":1,"minecraft:potion":1,"minecraft:string":39,"biomesoplenty:spanish_moss":1,"minecraft:beef":29,"minecraft:calcite":1,"minecraft:iron_nugget":6,"minecraft:poppy":2,"minecraft:light_gray_wool":1,"minecraft:sugar_cane":9,"minecraft:chest":4,"minecraft:mangrove_log":3,"minecraft:furnace":2,"minecraft:stick":6,"minecraft:raw_iron":8,"minecraft:oak_door":1,"minecraft:torch":2,"minecraft:porkchop":9,"tconstruct:sky_slime_dirt":3,"tconstruct:sky_slime_ball":579,"minecraft:arrow":4,"minecraft:beetroot_seeds":2,"minecraft:iron_block":6,"minecraft:mangrove_roots":1,"minecraft:mutton":21,"minecraft:cobblestone":64,"minecraft:white_wool":16,"minecraft:birch_log":5,"minecraft:cooked_beef":10,"minecraft:brown_wool":2,"minecraft:leather":5,"minecraft:smoker":1,"minecraft:flint":15,"minecraft:oak_log":60,"minecraft:gunpowder":1,"minecraft:lapis_lazuli":34,"minecraft:dirt":11,"tconstruct:sky_slime_crystal_block":11,"minecraft:white_banner":2,"minecraft:apple":1,"minecraft:iron_ingot":5,"tconstruct:sky_slime_sapling":10,"minecraft:oak_planks":21,"minecraft:book":18,"minecraft:gravel":81,"minecraft:raw_iron_block":2,"minecraft:sand":193,"minecraft:blast_furnace":2,"minecraft:white_bed":8,"minecraft:spider_eye":5,"minecraft:mossy_cobblestone":1,"minecraft:stone_axe":1,"minecraft:iron_helmet":1,"minecraft:gray_wool":1,"minecraft:bread":19,"minecraft:oak_sapling":6,"minecraft:hopper":1,"minecraft:black_wool":1,"minecraft:coal":222},"minecraft:crafted":{"minecraft:oak_planks":224,"minecraft:raw_iron":18,"minecraft:stone_shovel":5,"minecraft:furnace":5,"minecraft:iron_boots":1,"minecraft:stone_pickaxe":3,"minecraft:chest":3,"minecraft:smoker":1,"minecraft:cooked_beef":9,"minecraft:wooden_shovel":1,"minecraft:crafting_table":3,"minecraft:wooden_pickaxe":1,"minecraft:mangrove_planks":12,"minecraft:bucket":1,"minecraft:birch_planks":20,"minecraft:stone_axe":2,"minecraft:air":0,"minecraft:iron_chestplate":2,"minecraft:shield":1,"minecraft:stick":28,"minecraft:iron_pickaxe":1,"minecraft:iron_ingot":80,"minecraft:wooden_axe":1,"minecraft:stone_sword":1,"minecraft:iron_leggings":1,"minecraft:white_bed":2,"minecraft:torch":36,"tconstruct:grout":158},"minecraft:custom":{"minecraft:mob_kills":45,"minecraft:interact_with_crafting_table":29,"minecraft:time_since_death":114974,"minecraft:climb_one_cm":4069,"minecraft:sprint_one_cm":341728,"minecraft:walk_one_cm":204454,"minecraft:damage_blocked_by_shield":455,"minecraft:drop":36,"minecraft:talked_to_villager":3,"minecraft:play_time":114974,"minecraft:sneak_time":11289,"minecraft:walk_under_water_one_cm":11367,"minecraft:boat_one_cm":24400,"minecraft:jump":2288,"minecraft:interact_with_blast_furnace":9,"minecraft:walk_on_water_one_cm":34698,"minecraft:total_world_time":114974,"minecraft:interact_with_furnace":11,"minecraft:sleep_in_bed":9,"minecraft:time_since_rest":4005,"minecraft:damage_taken":1022,"minecraft:damage_dealt":5734,"minecraft:swim_one_cm":74205,"minecraft:fly_one_cm":432421,"minecraft:open_chest":40,"minecraft:crouch_one_cm":21513,"minecraft:interact_with_smoker":7,"minecraft:fall_one_cm":62409},"minecraft:broken":{"minecraft:stone_axe":1},"minecraft:killed":{"minecraft:cave_spider":11,"minecraft:spider":3,"minecraft:pig":4,"minecraft:creeper":1,"minecraft:sheep":15,"minecraft:pillager":4,"minecraft:zombie":1,"minecraft:cow":3},"minecraft:dropped":{"minecraft:iron_ingot":2,"minecraft:cooked_beef":9,"minecraft:crafting_table":1,"minecraft:coal":79,"minecraft:wooden_axe":3,"biomesoplenty:spanish_moss":1,"minecraft:white_banner":1,"minecraft:string":39,"minecraft:white_wool":5,"minecraft:oak_door":1,"minecraft:furnace":1,"minecraft:stone_axe":1,"minecraft:mangrove_roots":1,"minecraft:iron_nugget":6,"minecraft:light_gray_wool":1,"minecraft:oak_planks":13,"minecraft:poppy":2,"minecraft:gunpowder":1,"minecraft:iron_chestplate":1,"minecraft:beetroot_seeds":2,"minecraft:hopper":1,"minecraft:wooden_shovel":1,"minecraft:spider_eye":5,"minecraft:wooden_pickaxe":1,"minecraft:beef":17,"minecraft:black_wool":1}},"DataVersion":3120}