{"stats":{"minecraft:crafted":{"minecraft:oak_planks":404,"minecraft:oak_sign":3,"minecraft:cooked_chicken":1,"tconstruct:pick_head":1,"tconstruct:tool_binding":1,"minecraft:cooked_mutton":28,"minecraft:iron_boots":2,"biomesoplenty:hellbark_planks":12,"minecraft:chest":11,"minecraft:smoker":5,"minecraft:oak_slab":48,"minecraft:cooked_porkchop":29,"minecraft:crafting_table":6,"minecraft:iron_helmet":1,"minecraft:wooden_pickaxe":1,"minecraft:baked_potato":90,"tconstruct:tool_handle":1,"minecraft:copper_ingot":24,"minecraft:fletching_table":1,"minecraft:gold_block":1,"biomesoplenty:fir_planks":4,"minecraft:iron_chestplate":2,"minecraft:diamond_pickaxe":1,"minecraft:charcoal":1,"minecraft:yellow_dye":2,"minecraft:shield":1,"minecraft:stick":44,"minecraft:iron_ingot":244,"minecraft:iron_pickaxe":6,"minecraft:iron_block":25,"minecraft:gold_ingot":41,"minecraft:shears":1,"minecraft:oak_door":3,"tconstruct:pickaxe":1,"tconstruct:pattern":24,"minecraft:raw_iron":18,"tconstruct:part_builder":2,"biomesoplenty:hellbark_trapdoor":2,"minecraft:furnace":4,"minecraft:bone_meal":3,"minecraft:oak_trapdoor":2,"tconstruct:tinker_station":1,"simplybackpacks:uncommonbackpack":1,"minecraft:iron_axe":2,"minecraft:ladder":6,"minecraft:iron_hoe":1,"minecraft:stone_pickaxe":1,"twilightforest:canopy_planks":4,"minecraft:dark_oak_planks":20,"minecraft:wheat":99,"minecraft:cooked_beef":25,"minecraft:coal_block":21,"ironchest:gold_chest":1,"simplybackpacks:commonbackpack":1,"minecraft:iron_sword":2,"ironfurnaces:upgrade_iron":1,"ironchest:copper_chest":1,"minecraft:bucket":4,"biomesoplenty:willow_planks":4,"minecraft:stone_axe":2,"minecraft:bread":33,"minecraft:air":0,"ironfurnaces:upgrade_gold":1,"minecraft:oak_boat":1,"minecraft:white_dye":2,"minecraft:iron_shovel":1,"minecraft:iron_leggings":3,"minecraft:white_bed":1,"minecraft:torch":152,"ironchest:iron_chest":1},"minecraft:killed_by":{"minecraft:enderman":1},"minecraft:picked_up":{"minecraft:wooden_axe":1,"minecraft:iron_chestplate":1,"minecraft:wheat":1,"minecraft:smithing_table":1,"minecraft:lead":4,"minecraft:oak_stairs":1,"minecraft:enchanted_book":2,"minecraft:string":72,"minecraft:raw_copper":28,"minecraft:smooth_stone_slab":3,"minecraft:iron_leggings":1,"alexsmobs:dropbear_claw":1,"minecraft:gold_nugget":6,"minecraft:cobbled_deepslate":77,"minecraft:bucket":6,"minecraft:cobblestone_slab":1,"minecraft:iron_pickaxe":2,"minecraft:coal_block":4,"twilightforest:firefly_jar":1,"minecraft:furnace":12,"minecraft:iron_boots":1,"minecraft:stick":46,"minecraft:torch":75,"minecraft:porkchop":27,"ironchest:gold_chest":1,"minecraft:diorite":6,"tconstruct:tool_binding":1,"tconstruct:sky_slime_crystal":4,"minecraft:rotten_flesh":13,"minecraft:iron_block":17,"tconstruct:earth_slime_crystal_block":2,"minecraft:mangrove_roots":1,"minecraft:obsidian":1,"minecraft:cobblestone":256,"minecraft:birch_log":70,"minecraft:feather":1,"minecraft:cooked_beef":6,"tconstruct:sky_staff":1,"minecraft:andesite":13,"minecraft:brown_wool":3,"minecraft:smoker":3,"minecraft:potato":558,"biomesoplenty:fir_log":1,"tconstruct:pick_head":1,"minecraft:flint":4,"minecraft:tuff":9,"twilightforest:mossy_nagastone_pillar":3,"minecraft:lapis_lazuli":106,"minecraft:dirt":169,"minecraft:name_tag":2,"twilightforest:canopy_sapling":2,"minecraft:mangrove_fence":2,"minecraft:glass":15,"minecraft:bone":14,"minecraft:bow":3,"minecraft:wheat_seeds":15,"tconstruct:pick_head_cast":1,"minecraft:raw_gold":50,"minecraft:grindstone":1,"minecraft:fletching_table":1,"minecraft:oak_planks":45,"biomesoplenty:toadstool":1,"twilightforest:mushgloom":1,"minecraft:poisonous_potato":5,"minecraft:sand":129,"twilightforest:canopy_log":1,"minecraft:grass_block":1,"minecraft:loom":1,"minecraft:mossy_cobblestone":5,"biomesoplenty:hellbark_log":3,"biomesoplenty:willow_log":1,"minecraft:diamond":16,"minecraft:granite":11,"minecraft:bone_meal":4,"alexsmobs:maggot":1,"minecraft:oak_sapling":6,"minecraft:netherrack":61,"twilightforest:torchberries":4,"minecraft:crimson_roots":1,"minecraft:diamond_pickaxe":1,"minecraft:crafting_table":10,"minecraft:chicken":2,"minecraft:ladder":1,"tconstruct:materials_and_you":3,"minecraft:wooden_pickaxe":3,"biomesoplenty:hellbark_trapdoor":1,"minecraft:gold_block":1,"minecraft:shield":1,"minecraft:moss_carpet":2,"minecraft:iron_axe":2,"minecraft:iron_shovel":1,"biomesoplenty:spanish_moss":5,"minecraft:beef":54,"minecraft:oak_boat":1,"minecraft:poppy":4,"minecraft:lectern":2,"minecraft:sugar_cane":94,"minecraft:chest":6,"minecraft:birch_sapling":5,"minecraft:egg":2,"minecraft:raw_iron":44,"tconstruct:raw_cobalt":16,"minecraft:oak_door":1,"minecraft:copper_ingot":3,"minecraft:carrot":62,"tconstruct:cobalt_ingot":1,"twilightforest:firefly":2,"minecraft:dark_oak_planks":20,"tconstruct:tool_binding_cast":1,"tconstruct:sky_slime_ball":64,"minecraft:arrow":10,"minecraft:golden_hoe":1,"twilightforest:cicada":1,"ironfurnaces:gold_furnace":1,"tconstruct:tinker_station":2,"minecraft:hay_block":11,"minecraft:gold_ingot":20,"minecraft:mutton":36,"minecraft:white_wool":18,"minecraft:oxeye_daisy":2,"minecraft:leather":31,"minecraft:oak_log":132,"minecraft:gunpowder":1,"twilightforest:liveroot":2,"minecraft:cooked_mutton":1,"twilightforest:raw_venison":2,"simplybackpacks:uncommonbackpack":1,"minecraft:apple":2,"minecraft:rabbit_hide":1,"minecraft:iron_ingot":51,"minecraft:iron_sword":3,"minecraft:book":138,"minecraft:oak_slab":42,"twilightforest:nagastone_pillar":3,"minecraft:quartz":1,"minecraft:dandelion":2,"minecraft:raw_iron_block":4,"minecraft:gravel":6,"minecraft:spruce_sapling":1,"minecraft:blast_furnace":6,"minecraft:white_bed":9,"minecraft:spider_eye":7,"minecraft:iron_helmet":1,"minecraft:warped_roots":1,"tconstruct:pattern":19,"minecraft:black_wool":1,"minecraft:hopper":1,"minecraft:coal":234},"minecraft:custom":{"minecraft:interact_with_crafting_table":72,"minecraft:open_barrel":3,"minecraft:leave_game":13,"minecraft:time_since_death":26065,"minecraft:sprint_one_cm":1617430,"minecraft:damage_blocked_by_shield":2725,"minecraft:drop":163,"minecraft:talked_to_villager":4,"minecraft:play_time":421802,"minecraft:deaths":1,"minecraft:jump":9057,"minecraft:walk_on_water_one_cm":87870,"minecraft:interact_with_furnace":76,"minecraft:sleep_in_bed":19,"minecraft:waystone_activated":3,"minecraft:damage_dealt":18608,"minecraft:crouch_one_cm":39091,"minecraft:interact_with_smoker":61,"minecraft:interact_with_smithing_table":1,"minecraft:mob_kills":114,"minecraft:inspect_hopper":7,"minecraft:climb_one_cm":29876,"minecraft:walk_one_cm":647823,"minecraft:sneak_time":14132,"minecraft:walk_under_water_one_cm":50801,"minecraft:boat_one_cm":30984,"minecraft:interact_with_blast_furnace":29,"minecraft:total_world_time":421802,"minecraft:interact_with_grindstone":1,"minecraft:time_since_rest":951,"minecraft:damage_taken":6801,"minecraft:swim_one_cm":182850,"minecraft:fly_one_cm":1745666,"minecraft:open_chest":390,"minecraft:fall_one_cm":231802},"minecraft:broken":{"minecraft:stone_axe":1,"minecraft:iron_pickaxe":1,"minecraft:iron_helmet":1},"minecraft:mined":{"biomesoplenty:spanish_moss":3,"minecraft:spruce_planks":2,"minecraft:white_bed":8,"tconstruct:tinker_station":2,"minecraft:jungle_slab":1,"tconstruct:sky_slime_crystal_block":1,"minecraft:obsidian":1,"minecraft:granite":11,"minecraft:grass_block":95,"minecraft:coal_block":4,"minecraft:hopper":1,"minecraft:oxeye_daisy":2,"minecraft:spawner":6,"minecraft:tall_seagrass":1,"minecraft:raw_iron_block":4,"ironfurnaces:gold_furnace":1,"minecraft:iron_ore":35,"minecraft:cobbled_deepslate":1,"minecraft:fire":23,"ironchest:gold_chest":1,"tconstruct:cobalt_ore":15,"minecraft:moss_carpet":1,"minecraft:deepslate_lapis_ore":15,"minecraft:fletching_table":1,"biomesoplenty:hellbark_log":4,"minecraft:oak_stairs":1,"biomesoplenty:webbing":6,"minecraft:iron_block":24,"tconstruct:part_builder":1,"minecraft:smoker":2,"minecraft:crimson_nylium":3,"biomesoplenty:hanging_cobweb_strand":2,"twilightforest:liveroot_block":2,"minecraft:torch":1,"minecraft:blast_furnace":6,"minecraft:chest":6,"minecraft:white_stained_glass_pane":2,"minecraft:nether_quartz_ore":1,"minecraft:cobblestone":9,"minecraft:oak_planks":16,"minecraft:sugar_cane":55,"minecraft:grindstone":1,"minecraft:wall_torch":5,"minecraft:deepslate_copper_ore":7,"minecraft:seagrass":1,"biomesoplenty:spanish_moss_plant":1,"twilightforest:cicada":1,"minecraft:birch_log":69,"twilightforest:root":5,"biomesoplenty:fir_log":1,"minecraft:grass":97,"minecraft:oak_log":131,"minecraft:loom":1,"minecraft:sand":129,"minecraft:dirt":73,"twilightforest:canopy_log":1,"minecraft:netherrack":55,"minecraft:oak_leaves":50,"minecraft:deepslate":95,"biomesoplenty:watergrass":4,"twilightforest:firefly":1,"minecraft:light_blue_stained_glass_pane":2,"minecraft:tuff":7,"minecraft:mossy_cobblestone":8,"minecraft:deepslate_diamond_ore":15,"minecraft:oak_door":2,"minecraft:mangrove_roots":1,"minecraft:ladder":1,"tconstruct:earth_slime_crystal_block":2,"minecraft:crimson_roots":1,"minecraft:spruce_leaves":1,"biomesoplenty:dead_grass":1,"tconstruct:sky_slime_crystal_cluster":1,"minecraft:hay_block":11,"twilightforest:mushgloom":1,"minecraft:furnace":13,"minecraft:carrots":18,"biomesoplenty:toadstool":1,"minecraft:andesite":12,"minecraft:gold_block":1,"minecraft:bookshelf":46,"minecraft:potatoes":152,"twilightforest:firefly_jar":1,"minecraft:deepslate_iron_ore":8,"minecraft:vine":2,"biomesoplenty:spider_egg":3,"minecraft:stone":255,"minecraft:white_wool":14,"minecraft:smithing_table":1,"minecraft:oak_slab":2,"minecraft:dandelion":4,"minecraft:crafting_table":7,"minecraft:warped_roots":1,"minecraft:lectern":2,"minecraft:copper_ore":2,"minecraft:tall_grass":14,"minecraft:deepslate_coal_ore":5,"biomesoplenty:sprout":1,"minecraft:deepslate_gold_ore":51,"biomesoplenty:willow_log":1,"twilightforest:mayapple":2,"minecraft:diorite":7,"minecraft:birch_leaves":3,"minecraft:mangrove_leaves":1,"minecraft:coal_ore":151,"minecraft:gravel":10,"biomesoplenty:stringy_cobweb":1,"minecraft:cobweb":33,"minecraft:fern":3},"minecraft:killed":{"twilightforest:boar":1,"minecraft:cave_spider":16,"minecraft:spider":6,"minecraft:skeleton":13,"minecraft:chicken":2,"minecraft:piglin":1,"minecraft:pig":10,"minecraft:salmon":1,"minecraft:creeper":1,"twilightforest:skeleton_druid":2,"minecraft:sheep":7,"minecraft:trader_llama":4,"minecraft:pillager":2,"minecraft:zombie":16,"alexsmobs:fly":1,"minecraft:cow":22,"alexsmobs:dropbear":1,"twilightforest:deer":1,"twilightforest:dwarf_rabbit":1,"minecraft:phantom":4,"twilightforest:swarm_spider":1,"twilightforest:hedge_spider":4,"twilightforest:bighorn_sheep":1,"minecraft:enderman":2},"minecraft:used":{"minecraft:moss_carpet":1,"minecraft:iron_shovel":248,"minecraft:ladder":6,"minecraft:oak_sign":1,"minecraft:chest":16,"minecraft:shield":47,"minecraft:iron_sword":368,"biomesoplenty:hellbark_trapdoor":1,"twilightforest:canopy_sapling":1,"minecraft:carrot":14,"minecraft:tuff":4,"tconstruct:earth_slime_crystal_block":2,"minecraft:lava_bucket":20,"minecraft:birch_sapling":18,"minecraft:bow":6,"minecraft:mangrove_roots":1,"minecraft:furnace":11,"minecraft:egg":2,"minecraft:potato":263,"minecraft:oak_planks":68,"minecraft:stone_pickaxe":93,"biomesoplenty:willow_planks":4,"minecraft:wooden_pickaxe":14,"biomesoplenty:fir_planks":4,"minecraft:composter":1,"minecraft:sugar_cane":18,"minecraft:white_wool":2,"minecraft:sand":1,"minecraft:blast_furnace":3,"alexsmobs:terrapin_bucket":1,"minecraft:bread":63,"twilightforest:mushgloom":1,"minecraft:gravel":3,"tconstruct:liquid_soul_bucket":3,"twilightforest:mossy_nagastone_pillar":3,"minecraft:grindstone":1,"minecraft:andesite":7,"minecraft:oak_boat":1,"minecraft:bone_meal":5,"ironfurnaces:gold_furnace":1,"minecraft:experience_bottle":1,"twilightforest:canopy_planks":4,"minecraft:mangrove_fence":1,"minecraft:cooked_chicken":1,"minecraft:netherrack":61,"minecraft:oak_door":1,"minecraft:torch":136,"minecraft:dirt":69,"minecraft:wheat":1,"minecraft:iron_hoe":81,"minecraft:dark_oak_planks":14,"minecraft:iron_axe":285,"tconstruct:tinker_station":3,"ironchest:gold_chest":2,"biomesoplenty:spanish_moss":1,"minecraft:cooked_beef":31,"tconstruct:part_builder":2,"minecraft:cobbled_deepslate":20,"minecraft:iron_leggings":1,"minecraft:wheat_seeds":3,"minecraft:cooked_mutton":14,"minecraft:water_bucket":111,"minecraft:baked_potato":35,"minecraft:mossy_cobblestone":2,"minecraft:oak_slab":9,"minecraft:crafting_table":13,"minecraft:white_bed":8,"minecraft:smoker":7,"minecraft:diamond_pickaxe":1,"minecraft:apple":11,"minecraft:iron_pickaxe":748,"twilightforest:firefly_jar":1,"minecraft:stone_axe":114,"minecraft:cobblestone":61,"minecraft:cooked_porkchop":5,"minecraft:bucket":136,"alexsmobs:animal_dictionary":4,"twilightforest:cicada":1},"minecraft:dropped":{"minecraft:iron_sword":1,"minecraft:porkchop":2,"minecraft:baked_potato":37,"minecraft:loom":1,"minecraft:diamond":1,"minecraft:crafting_table":1,"minecraft:cooked_porkchop":13,"minecraft:dirt":2,"tconstruct:materials_and_you":1,"biomesoplenty:spanish_moss":4,"minecraft:gold_nugget":8,"tconstruct:sky_slime_ball":64,"minecraft:glistering_melon_slice":9,"minecraft:iron_pickaxe":3,"minecraft:dark_oak_planks":20,"minecraft:gold_ingot":1,"minecraft:bone":2,"minecraft:gravel":3,"biomesoplenty:toadstool":1,"minecraft:stone_axe":1,"minecraft:sugar_cane":3,"minecraft:iron_nugget":6,"minecraft:rotten_flesh":7,"tconstruct:ingot_cast":1,"minecraft:cooked_mutton":15,"minecraft:white_bed":1,"twilightforest:torchberries":1,"minecraft:carrot":1,"minecraft:mangrove_fence":1,"minecraft:poppy":4,"tconstruct:sky_staff":1,"minecraft:gunpowder":1,"tconstruct:seared_heater":1,"minecraft:chest":1,"minecraft:arrow":5,"minecraft:enchanted_book":1,"minecraft:iron_ingot":3,"minecraft:bread":37,"minecraft:oak_slab":81,"minecraft:wheat_seeds":12,"twilightforest:canopy_sapling":1,"minecraft:poisonous_potato":4,"minecraft:iron_helmet":1,"minecraft:feather":1,"minecraft:cobblestone":1,"minecraft:apple":11,"minecraft:copper_ingot":5,"minecraft:coal":17,"minecraft:stick":5,"minecraft:diorite":6,"minecraft:torch":1,"minecraft:brown_wool":1,"tconstruct:raw_cobalt":1,"minecraft:iron_leggings":2,"minecraft:oak_stairs":1,"minecraft:iron_axe":2,"minecraft:raw_iron_block":2,"minecraft:iron_shovel":2,"minecraft:string":10,"minecraft:spruce_sapling":1,"minecraft:raw_copper":4,"minecraft:chicken":1,"minecraft:iron_boots":1,"minecraft:iron_chestplate":1,"minecraft:spider_eye":1,"minecraft:stone_pickaxe":1,"minecraft:wooden_pickaxe":2}},"DataVersion":3120}