{"stats":{"minecraft:killed_by":{"minecraft:enderman":1},"minecraft:killed":{"twilightforest:boar":1,"alexsmobs:lobster":7,"minecraft:cave_spider":16,"minecraft:spider":9,"minecraft:skeleton":15,"minecraft:chicken":2,"minecraft:piglin":1,"minecraft:pig":10,"minecraft:salmon":1,"alexsmobs:seal":1,"minecraft:creeper":1,"twilightforest:skeleton_druid":2,"minecraft:sheep":7,"minecraft:trader_llama":4,"minecraft:pillager":7,"minecraft:zombie":20,"alexsmobs:fly":3,"chococraft:chocobo":1,"minecraft:cow":25,"alexsmobs:dropbear":1,"twilightforest:deer":1,"alexsmobs:raccoon":1,"minecraft:vindicator":1,"alexsmobs:seagull":1,"twilightforest:dwarf_rabbit":1,"minecraft:phantom":4,"twilightforest:swarm_spider":1,"twilightforest:hedge_spider":4,"alexsmobs:bison":2,"alexsmobs:flying_fish":2,"alexsmobs:catfish":1,"minecraft:enderman":2,"twilightforest:bighorn_sheep":1},"minecraft:custom":{"minecraft:interact_with_crafting_table":76,"minecraft:open_barrel":3,"minecraft:leave_game":14,"minecraft:time_since_death":71261,"minecraft:sprint_one_cm":1749616,"minecraft:damage_blocked_by_shield":2930,"minecraft:drop":172,"minecraft:talked_to_villager":4,"minecraft:play_time":466998,"minecraft:deaths":1,"minecraft:jump":10213,"minecraft:walk_on_water_one_cm":114863,"minecraft:interact_with_furnace":76,"minecraft:sleep_in_bed":21,"minecraft:waystone_activated":3,"minecraft:damage_dealt":24409,"minecraft:crouch_one_cm":40643,"minecraft:interact_with_smoker":62,"minecraft:interact_with_smithing_table":1,"minecraft:mob_kills":154,"minecraft:inspect_hopper":7,"minecraft:climb_one_cm":29876,"minecraft:walk_one_cm":713522,"minecraft:sneak_time":15086,"minecraft:walk_under_water_one_cm":69323,"minecraft:boat_one_cm":71146,"minecraft:interact_with_blast_furnace":29,"minecraft:total_world_time":466998,"minecraft:interact_with_grindstone":1,"minecraft:time_since_rest":16664,"minecraft:damage_taken":7913,"minecraft:swim_one_cm":239671,"minecraft:fly_one_cm":1980940,"minecraft:open_chest":397,"minecraft:fall_one_cm":271555},"minecraft:mined":{"biomesoplenty:spanish_moss":3,"minecraft:spruce_planks":2,"minecraft:white_bed":8,"tconstruct:tinker_station":2,"minecraft:jungle_slab":1,"tconstruct:sky_slime_crystal_block":1,"minecraft:obsidian":1,"minecraft:granite":11,"minecraft:grass_block":101,"minecraft:light_gray_bed":3,"minecraft:coal_block":4,"minecraft:hopper":1,"minecraft:oxeye_daisy":2,"minecraft:spawner":6,"minecraft:tall_seagrass":1,"minecraft:raw_iron_block":4,"ironfurnaces:gold_furnace":1,"minecraft:iron_ore":35,"minecraft:cobbled_deepslate":1,"minecraft:fire":23,"ironchest:gold_chest":1,"tconstruct:cobalt_ore":15,"minecraft:moss_carpet":1,"minecraft:deepslate_lapis_ore":15,"minecraft:fletching_table":1,"biomesoplenty:hellbark_log":4,"chococraft:gysahl_green":6,"minecraft:oak_stairs":1,"biomesoplenty:webbing":6,"minecraft:iron_block":24,"tconstruct:part_builder":1,"minecraft:smoker":2,"minecraft:crimson_nylium":3,"biomesoplenty:hanging_cobweb_strand":2,"twilightforest:liveroot_block":2,"minecraft:torch":1,"minecraft:blast_furnace":6,"minecraft:chest":6,"minecraft:white_stained_glass_pane":2,"minecraft:nether_quartz_ore":1,"minecraft:cobblestone":10,"minecraft:oak_planks":16,"minecraft:sugar_cane":70,"minecraft:grindstone":1,"minecraft:wall_torch":5,"minecraft:deepslate_copper_ore":7,"minecraft:seagrass":1,"biomesoplenty:spanish_moss_plant":1,"twilightforest:cicada":1,"minecraft:birch_log":69,"minecraft:lilac":3,"minecraft:light_gray_wool":3,"twilightforest:root":5,"biomesoplenty:fir_log":1,"minecraft:grass":109,"biomesoplenty:clover":4,"minecraft:oak_log":131,"minecraft:loom":1,"minecraft:sand":130,"minecraft:dirt":76,"twilightforest:canopy_log":1,"minecraft:netherrack":55,"minecraft:oak_leaves":52,"minecraft:deepslate":95,"biomesoplenty:watergrass":4,"twilightforest:firefly":1,"minecraft:light_blue_stained_glass_pane":2,"minecraft:tuff":7,"minecraft:mossy_cobblestone":8,"minecraft:deepslate_diamond_ore":15,"minecraft:oak_door":2,"minecraft:mangrove_roots":1,"minecraft:ladder":1,"biomesoplenty:bush":4,"tconstruct:earth_slime_crystal_block":2,"minecraft:crimson_roots":1,"minecraft:spruce_leaves":1,"biomesoplenty:dead_grass":1,"tconstruct:sky_slime_crystal_cluster":1,"minecraft:hay_block":11,"twilightforest:mushgloom":1,"minecraft:furnace":13,"minecraft:carrots":18,"biomesoplenty:toadstool":1,"minecraft:andesite":12,"minecraft:gold_block":2,"twilightforest:firefly_jar":1,"minecraft:bookshelf":52,"minecraft:potatoes":152,"minecraft:deepslate_iron_ore":8,"minecraft:vine":2,"biomesoplenty:spider_egg":3,"minecraft:stone":256,"minecraft:white_wool":14,"minecraft:smithing_table":1,"minecraft:oak_slab":2,"minecraft:dandelion":4,"minecraft:oak_fence":1,"minecraft:crafting_table":8,"minecraft:warped_roots":1,"minecraft:lectern":3,"minecraft:copper_ore":2,"minecraft:tall_grass":14,"minecraft:deepslate_coal_ore":5,"biomesoplenty:sprout":2,"minecraft:deepslate_gold_ore":51,"biomesoplenty:willow_log":1,"twilightforest:mayapple":2,"minecraft:diorite":7,"minecraft:birch_leaves":3,"minecraft:mangrove_leaves":1,"minecraft:coal_ore":151,"minecraft:gravel":10,"biomesoplenty:stringy_cobweb":1,"minecraft:cobweb":33,"minecraft:fern":3},"minecraft:broken":{"minecraft:stone_axe":1,"minecraft:iron_sword":1,"minecraft:shield":1,"minecraft:iron_pickaxe":1,"minecraft:iron_helmet":1},"minecraft:dropped":{"minecraft:iron_sword":1,"minecraft:porkchop":2,"minecraft:baked_potato":37,"minecraft:loom":1,"minecraft:diamond":1,"minecraft:crafting_table":1,"minecraft:cooked_porkchop":19,"minecraft:dirt":6,"tconstruct:materials_and_you":1,"biomesoplenty:spanish_moss":4,"minecraft:gold_nugget":8,"tconstruct:sky_slime_ball":64,"minecraft:glistering_melon_slice":9,"minecraft:iron_pickaxe":3,"minecraft:dark_oak_planks":20,"minecraft:gold_ingot":1,"minecraft:bone":2,"minecraft:gravel":3,"biomesoplenty:toadstool":1,"minecraft:stone_axe":1,"minecraft:sugar_cane":3,"alexsmobs:animal_dictionary":1,"minecraft:iron_nugget":6,"minecraft:rotten_flesh":7,"tconstruct:ingot_cast":1,"minecraft:cooked_mutton":15,"minecraft:white_bed":1,"twilightforest:torchberries":1,"minecraft:carrot":1,"minecraft:mangrove_fence":1,"minecraft:poppy":4,"tconstruct:sky_staff":1,"minecraft:gunpowder":1,"tconstruct:seared_heater":1,"minecraft:chest":1,"minecraft:arrow":5,"minecraft:enchanted_book":1,"minecraft:iron_ingot":3,"minecraft:bread":37,"minecraft:oak_slab":81,"minecraft:wheat_seeds":15,"minecraft:lilac":2,"twilightforest:canopy_sapling":1,"minecraft:poisonous_potato":4,"minecraft:oak_fence":1,"minecraft:iron_helmet":1,"minecraft:feather":1,"minecraft:cobblestone":1,"minecraft:apple":11,"minecraft:copper_ingot":5,"minecraft:coal":17,"minecraft:stick":5,"minecraft:diorite":6,"minecraft:torch":1,"minecraft:brown_wool":1,"tconstruct:raw_cobalt":1,"minecraft:iron_leggings":2,"minecraft:oak_stairs":1,"minecraft:iron_axe":2,"minecraft:raw_iron_block":2,"minecraft:iron_shovel":2,"minecraft:string":10,"minecraft:spruce_sapling":1,"minecraft:raw_copper":4,"chococraft:chocobo_feather":1,"minecraft:chicken":1,"minecraft:iron_boots":1,"minecraft:iron_chestplate":1,"minecraft:spider_eye":1,"minecraft:stone_pickaxe":1,"minecraft:wooden_pickaxe":2},"minecraft:picked_up":{"minecraft:wooden_axe":1,"chococraft:loverly_gysahl_green":1,"minecraft:iron_chestplate":1,"minecraft:wheat":1,"minecraft:smithing_table":1,"minecraft:lead":4,"minecraft:oak_stairs":1,"minecraft:enchanted_book":2,"minecraft:string":72,"minecraft:raw_copper":28,"minecraft:smooth_stone_slab":3,"minecraft:iron_leggings":1,"alexsmobs:dropbear_claw":1,"minecraft:gold_nugget":6,"minecraft:cobbled_deepslate":77,"minecraft:bucket":6,"minecraft:cobblestone_slab":1,"alexsmobs:raccoon_tail":1,"minecraft:iron_pickaxe":2,"minecraft:coal_block":4,"twilightforest:firefly_jar":1,"minecraft:furnace":12,"minecraft:iron_boots":1,"minecraft:stick":46,"minecraft:oak_fence":1,"minecraft:torch":75,"minecraft:porkchop":27,"ironchest:gold_chest":1,"minecraft:diorite":6,"tconstruct:tool_binding":1,"tconstruct:sky_slime_crystal":4,"minecraft:light_gray_bed":2,"minecraft:rotten_flesh":13,"minecraft:iron_block":17,"tconstruct:earth_slime_crystal_block":2,"minecraft:mangrove_roots":1,"minecraft:obsidian":1,"alexsmobs:flying_fish":3,"alexsmobs:lobster_tail":3,"minecraft:cobblestone":257,"minecraft:birch_log":70,"minecraft:cooked_beef":6,"minecraft:feather":1,"minecraft:lilac":2,"tconstruct:sky_staff":1,"minecraft:andesite":13,"minecraft:brown_wool":3,"alexsmobs:bison_fur":2,"minecraft:smoker":3,"minecraft:potato":558,"biomesoplenty:fir_log":1,"tconstruct:pick_head":1,"minecraft:flint":4,"minecraft:tuff":9,"twilightforest:mossy_nagastone_pillar":3,"minecraft:lapis_lazuli":106,"minecraft:dirt":180,"minecraft:name_tag":2,"twilightforest:canopy_sapling":2,"minecraft:mangrove_fence":2,"minecraft:glass":15,"minecraft:bone":15,"minecraft:bow":3,"minecraft:wheat_seeds":18,"tconstruct:pick_head_cast":1,"minecraft:raw_gold":50,"minecraft:grindstone":1,"minecraft:fletching_table":1,"minecraft:oak_planks":45,"biomesoplenty:toadstool":1,"twilightforest:mushgloom":1,"minecraft:poisonous_potato":5,"minecraft:sand":129,"twilightforest:canopy_log":1,"minecraft:grass_block":1,"minecraft:loom":1,"alexsmobs:animal_dictionary":1,"minecraft:mossy_cobblestone":5,"biomesoplenty:hellbark_log":3,"biomesoplenty:willow_log":1,"minecraft:diamond":16,"minecraft:granite":11,"minecraft:bone_meal":4,"alexsmobs:maggot":2,"minecraft:oak_sapling":6,"minecraft:netherrack":61,"twilightforest:torchberries":4,"minecraft:crimson_roots":1,"minecraft:diamond_pickaxe":1,"minecraft:crafting_table":11,"minecraft:chicken":2,"minecraft:ladder":1,"tconstruct:materials_and_you":3,"minecraft:wooden_pickaxe":3,"biomesoplenty:hellbark_trapdoor":1,"minecraft:gold_block":2,"minecraft:shield":1,"minecraft:moss_carpet":2,"minecraft:iron_axe":2,"minecraft:iron_shovel":1,"biomesoplenty:spanish_moss":5,"minecraft:beef":75,"minecraft:oak_boat":1,"minecraft:poppy":4,"minecraft:light_gray_wool":3,"minecraft:lectern":3,"minecraft:sugar_cane":125,"minecraft:chest":6,"minecraft:birch_sapling":5,"minecraft:egg":2,"minecraft:raw_iron":44,"tconstruct:raw_cobalt":16,"minecraft:oak_door":1,"minecraft:copper_ingot":3,"minecraft:carrot":62,"tconstruct:cobalt_ingot":1,"twilightforest:firefly":2,"minecraft:dark_oak_planks":20,"tconstruct:tool_binding_cast":1,"tconstruct:sky_slime_ball":64,"minecraft:arrow":12,"minecraft:golden_hoe":1,"twilightforest:cicada":1,"ironfurnaces:gold_furnace":1,"tconstruct:tinker_station":2,"minecraft:hay_block":11,"minecraft:gold_ingot":20,"minecraft:mutton":36,"minecraft:white_wool":18,"minecraft:oxeye_daisy":2,"minecraft:leather":35,"minecraft:oak_log":132,"minecraft:gunpowder":1,"twilightforest:liveroot":2,"minecraft:cooked_mutton":1,"chococraft:chocobo_feather":2,"twilightforest:raw_venison":2,"chococraft:gysahl_green":17,"simplybackpacks:uncommonbackpack":1,"minecraft:apple":2,"minecraft:rabbit_hide":1,"minecraft:iron_ingot":51,"minecraft:iron_sword":3,"minecraft:book":156,"minecraft:oak_slab":42,"twilightforest:nagastone_pillar":3,"minecraft:quartz":1,"minecraft:dandelion":2,"minecraft:raw_iron_block":4,"minecraft:gravel":6,"chococraft:gysahl_green_seeds":7,"minecraft:spruce_sapling":1,"minecraft:blast_furnace":6,"minecraft:white_bed":9,"minecraft:spider_eye":7,"minecraft:iron_helmet":1,"minecraft:warped_roots":1,"tconstruct:pattern":19,"minecraft:black_wool":1,"minecraft:hopper":1,"minecraft:coal":234},"minecraft:crafted":{"minecraft:oak_planks":404,"minecraft:oak_sign":3,"minecraft:cooked_chicken":1,"tconstruct:pick_head":1,"tconstruct:tool_binding":1,"minecraft:cooked_mutton":28,"minecraft:iron_boots":2,"biomesoplenty:hellbark_planks":12,"minecraft:chest":11,"minecraft:smoker":5,"minecraft:oak_slab":48,"minecraft:cooked_porkchop":29,"minecraft:crafting_table":7,"minecraft:iron_helmet":1,"minecraft:wooden_pickaxe":1,"minecraft:baked_potato":90,"tconstruct:tool_handle":1,"minecraft:copper_ingot":24,"minecraft:fletching_table":1,"minecraft:gold_block":1,"minecraft:light_gray_bed":1,"biomesoplenty:fir_planks":4,"minecraft:iron_chestplate":2,"minecraft:diamond_pickaxe":1,"minecraft:charcoal":1,"minecraft:yellow_dye":2,"minecraft:shield":1,"minecraft:stick":44,"minecraft:iron_ingot":244,"minecraft:iron_pickaxe":6,"minecraft:iron_block":25,"minecraft:gold_ingot":41,"minecraft:shears":1,"minecraft:oak_door":3,"tconstruct:pickaxe":1,"tconstruct:pattern":24,"minecraft:raw_iron":18,"tconstruct:part_builder":2,"biomesoplenty:hellbark_trapdoor":2,"minecraft:furnace":4,"minecraft:bone_meal":3,"minecraft:oak_trapdoor":2,"tconstruct:tinker_station":1,"simplybackpacks:uncommonbackpack":1,"minecraft:iron_axe":2,"minecraft:ladder":6,"minecraft:iron_hoe":1,"minecraft:stone_pickaxe":1,"twilightforest:canopy_planks":4,"minecraft:dark_oak_planks":40,"minecraft:wheat":99,"minecraft:cooked_beef":25,"minecraft:coal_block":21,"ironchest:gold_chest":1,"simplybackpacks:commonbackpack":1,"minecraft:iron_sword":2,"ironfurnaces:upgrade_iron":1,"ironchest:copper_chest":1,"minecraft:bucket":4,"biomesoplenty:willow_planks":4,"minecraft:stone_axe":2,"minecraft:bread":33,"minecraft:air":0,"ironfurnaces:upgrade_gold":1,"minecraft:oak_boat":1,"minecraft:white_dye":2,"minecraft:iron_shovel":1,"minecraft:iron_leggings":3,"minecraft:white_bed":1,"minecraft:torch":152,"ironchest:iron_chest":1},"minecraft:used":{"minecraft:moss_carpet":1,"minecraft:iron_shovel":248,"minecraft:ladder":6,"minecraft:oak_sign":1,"minecraft:chest":16,"minecraft:shield":54,"minecraft:iron_sword":442,"biomesoplenty:hellbark_trapdoor":1,"twilightforest:canopy_sapling":1,"alexsmobs:medium_catfish_bucket":1,"minecraft:carrot":14,"minecraft:tuff":4,"tconstruct:earth_slime_crystal_block":2,"minecraft:lava_bucket":20,"minecraft:birch_sapling":18,"minecraft:bow":6,"minecraft:mangrove_roots":1,"minecraft:furnace":11,"minecraft:egg":2,"minecraft:potato":263,"minecraft:oak_planks":68,"minecraft:stone_pickaxe":93,"biomesoplenty:willow_planks":4,"minecraft:wooden_pickaxe":14,"biomesoplenty:fir_planks":4,"minecraft:composter":1,"minecraft:sugar_cane":18,"minecraft:white_wool":2,"minecraft:sand":1,"minecraft:blast_furnace":3,"alexsmobs:terrapin_bucket":2,"minecraft:bread":66,"twilightforest:mushgloom":1,"minecraft:gravel":3,"tconstruct:liquid_soul_bucket":3,"twilightforest:mossy_nagastone_pillar":3,"minecraft:grindstone":1,"minecraft:andesite":7,"minecraft:oak_boat":1,"minecraft:bone_meal":5,"ironfurnaces:gold_furnace":1,"minecraft:experience_bottle":2,"twilightforest:canopy_planks":4,"alexsmobs:flying_fish_bucket":1,"minecraft:mangrove_fence":1,"minecraft:cooked_chicken":1,"minecraft:netherrack":61,"minecraft:oak_door":1,"minecraft:torch":137,"minecraft:dirt":72,"minecraft:wheat":1,"minecraft:iron_hoe":81,"minecraft:dark_oak_planks":14,"minecraft:iron_axe":322,"tconstruct:tinker_station":3,"ironchest:gold_chest":2,"biomesoplenty:spanish_moss":1,"minecraft:cooked_beef":31,"tconstruct:part_builder":2,"minecraft:cobbled_deepslate":20,"minecraft:light_gray_bed":2,"minecraft:iron_leggings":1,"minecraft:wheat_seeds":3,"minecraft:cooked_mutton":14,"minecraft:water_bucket":135,"minecraft:baked_potato":59,"minecraft:mossy_cobblestone":2,"minecraft:oak_slab":9,"minecraft:crafting_table":14,"minecraft:white_bed":8,"minecraft:smoker":7,"minecraft:diamond_pickaxe":1,"minecraft:apple":11,"minecraft:iron_pickaxe":752,"twilightforest:firefly_jar":1,"minecraft:stone_axe":114,"minecraft:cobblestone":64,"minecraft:cooked_porkchop":5,"minecraft:bucket":165,"alexsmobs:animal_dictionary":13,"twilightforest:cicada":1}},"DataVersion":3120}