{"stats":{"minecraft:killed":{"minecraft:cave_spider":16,"minecraft:spider":4,"minecraft:skeleton":4,"minecraft:chicken":2,"minecraft:pig":10,"minecraft:salmon":1,"minecraft:creeper":1,"minecraft:sheep":6,"minecraft:trader_llama":4,"minecraft:pillager":2,"minecraft:zombie":6,"minecraft:cow":22},"minecraft:mined":{"biomesoplenty:spanish_moss":3,"minecraft:light_blue_stained_glass_pane":2,"biomesoplenty:watergrass":4,"minecraft:tuff":2,"minecraft:spruce_planks":2,"minecraft:white_bed":8,"minecraft:mossy_cobblestone":6,"minecraft:deepslate_diamond_ore":1,"minecraft:oak_door":1,"minecraft:jungle_slab":1,"tconstruct:sky_slime_crystal_block":1,"minecraft:mangrove_roots":1,"minecraft:grass_block":64,"minecraft:coal_block":4,"minecraft:spruce_leaves":1,"biomesoplenty:dead_grass":1,"minecraft:spawner":2,"tconstruct:sky_slime_crystal_cluster":1,"minecraft:hay_block":11,"minecraft:tall_seagrass":1,"minecraft:raw_iron_block":4,"minecraft:furnace":13,"minecraft:carrots":18,"biomesoplenty:toadstool":1,"minecraft:iron_ore":7,"minecraft:fire":1,"minecraft:cobbled_deepslate":1,"minecraft:andesite":3,"minecraft:moss_carpet":1,"minecraft:deepslate_lapis_ore":5,"minecraft:fletching_table":1,"minecraft:gold_block":1,"minecraft:bookshelf":46,"minecraft:potatoes":48,"minecraft:vine":2,"biomesoplenty:webbing":5,"minecraft:oak_stairs":1,"minecraft:stone":77,"biomesoplenty:spider_egg":3,"minecraft:iron_block":24,"minecraft:white_wool":14,"minecraft:smithing_table":1,"minecraft:oak_slab":2,"minecraft:smoker":1,"biomesoplenty:hanging_cobweb_strand":2,"minecraft:crafting_table":6,"minecraft:blast_furnace":6,"minecraft:chest":3,"minecraft:white_stained_glass_pane":2,"minecraft:lectern":2,"minecraft:copper_ore":2,"minecraft:tall_grass":9,"minecraft:cobblestone":4,"minecraft:deepslate_coal_ore":5,"minecraft:oak_planks":14,"minecraft:deepslate_gold_ore":16,"biomesoplenty:willow_log":1,"minecraft:grindstone":1,"minecraft:sugar_cane":31,"minecraft:wall_torch":2,"minecraft:diorite":7,"minecraft:deepslate_copper_ore":7,"minecraft:seagrass":1,"biomesoplenty:spanish_moss_plant":1,"minecraft:birch_log":69,"minecraft:birch_leaves":3,"minecraft:mangrove_leaves":1,"biomesoplenty:fir_log":1,"minecraft:grass":47,"minecraft:coal_ore":41,"minecraft:oak_log":121,"minecraft:loom":1,"minecraft:dirt":3,"minecraft:sand":129,"biomesoplenty:stringy_cobweb":1,"minecraft:cobweb":33,"minecraft:oak_leaves":46,"minecraft:deepslate":12,"minecraft:fern":3},"minecraft:custom":{"minecraft:interact_with_smithing_table":1,"minecraft:mob_kills":76,"minecraft:inspect_hopper":3,"minecraft:interact_with_crafting_table":40,"minecraft:open_barrel":3,"minecraft:leave_game":9,"minecraft:time_since_death":214288,"minecraft:climb_one_cm":16614,"minecraft:sprint_one_cm":916249,"minecraft:walk_one_cm":340076,"minecraft:damage_blocked_by_shield":840,"minecraft:drop":86,"minecraft:talked_to_villager":4,"minecraft:play_time":214288,"minecraft:sneak_time":8426,"minecraft:walk_under_water_one_cm":24064,"minecraft:boat_one_cm":30984,"minecraft:jump":4582,"minecraft:interact_with_blast_furnace":22,"minecraft:walk_on_water_one_cm":60950,"minecraft:total_world_time":214288,"minecraft:interact_with_furnace":43,"minecraft:sleep_in_bed":14,"minecraft:waystone_activated":3,"minecraft:time_since_rest":44131,"minecraft:damage_taken":2829,"minecraft:damage_dealt":10547,"minecraft:swim_one_cm":107850,"minecraft:fly_one_cm":964830,"minecraft:open_chest":175,"minecraft:crouch_one_cm":19082,"minecraft:interact_with_smoker":24,"minecraft:fall_one_cm":126903},"minecraft:broken":{"minecraft:stone_axe":1},"minecraft:dropped":{"minecraft:enchanted_book":1,"minecraft:iron_ingot":3,"minecraft:bread":37,"minecraft:iron_sword":1,"minecraft:oak_slab":1,"minecraft:porkchop":2,"minecraft:wheat_seeds":8,"minecraft:crafting_table":1,"minecraft:poisonous_potato":1,"minecraft:iron_helmet":1,"minecraft:feather":1,"minecraft:cobblestone":1,"minecraft:apple":11,"minecraft:copper_ingot":5,"minecraft:coal":17,"minecraft:stick":5,"minecraft:dirt":1,"minecraft:diorite":6,"tconstruct:materials_and_you":1,"minecraft:brown_wool":1,"biomesoplenty:spanish_moss":4,"minecraft:oak_stairs":1,"minecraft:gold_nugget":8,"minecraft:iron_axe":1,"minecraft:raw_iron_block":2,"tconstruct:sky_slime_ball":64,"minecraft:glistering_melon_slice":9,"minecraft:iron_pickaxe":1,"minecraft:iron_shovel":2,"minecraft:dark_oak_planks":20,"minecraft:string":10,"minecraft:spruce_sapling":1,"minecraft:bone":2,"biomesoplenty:toadstool":1,"minecraft:stone_axe":1,"minecraft:iron_nugget":6,"minecraft:raw_copper":4,"minecraft:chicken":1,"minecraft:rotten_flesh":7,"minecraft:cooked_mutton":14,"minecraft:white_bed":1,"minecraft:carrot":1,"minecraft:mangrove_fence":1,"minecraft:poppy":4,"minecraft:gunpowder":1,"tconstruct:seared_heater":1,"minecraft:chest":1,"minecraft:spider_eye":1,"minecraft:arrow":2,"minecraft:stone_pickaxe":1,"minecraft:wooden_pickaxe":2},"minecraft:crafted":{"minecraft:oak_planks":96,"minecraft:oak_sign":3,"minecraft:raw_iron":18,"minecraft:cooked_chicken":1,"minecraft:furnace":4,"minecraft:cooked_mutton":28,"minecraft:iron_boots":1,"minecraft:iron_axe":2,"minecraft:iron_hoe":1,"minecraft:stone_pickaxe":1,"minecraft:chest":3,"minecraft:dark_oak_planks":20,"minecraft:smoker":5,"minecraft:wheat":99,"minecraft:cooked_beef":18,"ironchest:gold_chest":1,"minecraft:cooked_porkchop":7,"minecraft:crafting_table":5,"minecraft:wooden_pickaxe":1,"minecraft:iron_sword":2,"minecraft:copper_ingot":24,"ironchest:copper_chest":1,"minecraft:fletching_table":1,"minecraft:bucket":4,"minecraft:stone_axe":2,"biomesoplenty:willow_planks":4,"minecraft:bread":33,"minecraft:air":0,"biomesoplenty:fir_planks":4,"minecraft:oak_boat":1,"minecraft:iron_chestplate":1,"minecraft:charcoal":1,"minecraft:shield":1,"minecraft:stick":20,"minecraft:iron_ingot":226,"minecraft:iron_pickaxe":1,"minecraft:iron_block":25,"minecraft:iron_shovel":1,"minecraft:iron_leggings":1,"minecraft:gold_ingot":14,"minecraft:white_bed":1,"minecraft:torch":72,"ironchest:iron_chest":1},"minecraft:used":{"minecraft:moss_carpet":1,"minecraft:oak_sign":1,"minecraft:chest":4,"minecraft:shield":16,"minecraft:iron_sword":187,"minecraft:cooked_chicken":1,"minecraft:mangrove_fence":1,"minecraft:torch":57,"minecraft:dirt":50,"minecraft:carrot":14,"minecraft:tuff":1,"minecraft:dark_oak_planks":14,"minecraft:iron_hoe":81,"minecraft:lava_bucket":10,"minecraft:iron_axe":244,"minecraft:mangrove_roots":1,"minecraft:furnace":11,"ironchest:gold_chest":1,"biomesoplenty:spanish_moss":1,"minecraft:egg":1,"minecraft:cooked_beef":18,"minecraft:potato":130,"minecraft:iron_leggings":1,"minecraft:water_bucket":49,"biomesoplenty:willow_planks":4,"minecraft:stone_pickaxe":93,"minecraft:oak_planks":15,"minecraft:wooden_pickaxe":14,"biomesoplenty:fir_planks":4,"minecraft:sugar_cane":18,"minecraft:white_wool":2,"minecraft:white_bed":8,"minecraft:sand":1,"minecraft:oak_slab":1,"minecraft:crafting_table":11,"minecraft:blast_furnace":3,"minecraft:smoker":7,"minecraft:apple":11,"minecraft:bread":46,"minecraft:iron_pickaxe":153,"minecraft:stone_axe":114,"minecraft:cobblestone":10,"minecraft:grindstone":1,"minecraft:cooked_porkchop":2,"minecraft:bucket":60,"minecraft:oak_boat":1,"minecraft:experience_bottle":1,"minecraft:iron_shovel":185},"minecraft:picked_up":{"minecraft:wooden_axe":1,"minecraft:crafting_table":8,"minecraft:chicken":2,"minecraft:smithing_table":1,"minecraft:lead":4,"tconstruct:materials_and_you":1,"minecraft:wooden_pickaxe":3,"minecraft:oak_stairs":1,"minecraft:gold_block":1,"minecraft:enchanted_book":2,"minecraft:string":64,"minecraft:moss_carpet":2,"minecraft:raw_copper":28,"minecraft:iron_axe":1,"minecraft:iron_shovel":1,"biomesoplenty:spanish_moss":5,"minecraft:gold_nugget":6,"minecraft:cobbled_deepslate":11,"minecraft:bucket":1,"minecraft:beef":54,"minecraft:oak_boat":1,"minecraft:poppy":4,"minecraft:iron_pickaxe":1,"minecraft:lectern":2,"minecraft:coal_block":4,"minecraft:sugar_cane":49,"minecraft:chest":3,"minecraft:birch_sapling":5,"minecraft:furnace":12,"minecraft:egg":1,"minecraft:stick":7,"minecraft:raw_iron":8,"minecraft:copper_ingot":3,"minecraft:torch":19,"minecraft:porkchop":23,"minecraft:diorite":6,"minecraft:carrot":62,"minecraft:dark_oak_planks":20,"tconstruct:sky_slime_crystal":4,"tconstruct:sky_slime_ball":64,"minecraft:arrow":5,"minecraft:rotten_flesh":9,"minecraft:hay_block":11,"minecraft:iron_block":17,"minecraft:mangrove_roots":1,"minecraft:mutton":31,"minecraft:white_wool":17,"minecraft:cobblestone":72,"minecraft:birch_log":70,"minecraft:feather":1,"minecraft:cooked_beef":6,"minecraft:andesite":4,"minecraft:brown_wool":1,"minecraft:leather":29,"minecraft:smoker":2,"minecraft:potato":181,"biomesoplenty:fir_log":1,"minecraft:flint":4,"minecraft:tuff":2,"minecraft:oak_log":122,"minecraft:gunpowder":1,"minecraft:lapis_lazuli":32,"minecraft:dirt":58,"minecraft:mangrove_fence":2,"minecraft:glass":15,"minecraft:bone":6,"minecraft:apple":2,"minecraft:bow":1,"minecraft:wheat_seeds":8,"minecraft:raw_gold":17,"minecraft:iron_ingot":51,"minecraft:grindstone":1,"minecraft:fletching_table":1,"minecraft:iron_sword":2,"minecraft:oak_planks":40,"minecraft:book":138,"biomesoplenty:toadstool":1,"minecraft:oak_slab":2,"minecraft:raw_iron_block":4,"minecraft:poisonous_potato":2,"minecraft:sand":129,"minecraft:spruce_sapling":1,"minecraft:blast_furnace":6,"minecraft:white_bed":9,"minecraft:loom":1,"minecraft:spider_eye":5,"minecraft:mossy_cobblestone":3,"biomesoplenty:willow_log":1,"minecraft:diamond":1,"minecraft:oak_sapling":6,"minecraft:black_wool":1,"minecraft:coal":124}},"DataVersion":3120}