{"stats":{"minecraft:used":{"minecraft:moss_carpet":1,"minecraft:iron_shovel":56,"minecraft:oak_sign":1,"minecraft:chest":4,"minecraft:shield":3,"minecraft:iron_sword":75,"minecraft:mangrove_fence":1,"minecraft:cooked_chicken":1,"minecraft:torch":5,"minecraft:dirt":50,"minecraft:carrot":14,"minecraft:iron_hoe":81,"minecraft:dark_oak_planks":14,"minecraft:lava_bucket":10,"minecraft:iron_axe":214,"minecraft:mangrove_roots":1,"minecraft:furnace":11,"minecraft:egg":1,"biomesoplenty:spanish_moss":1,"minecraft:cooked_beef":7,"minecraft:potato":66,"minecraft:iron_leggings":1,"minecraft:water_bucket":21,"minecraft:stone_pickaxe":93,"biomesoplenty:willow_planks":4,"minecraft:oak_planks":15,"minecraft:wooden_pickaxe":14,"biomesoplenty:fir_planks":4,"minecraft:sugar_cane":18,"minecraft:white_wool":2,"minecraft:crafting_table":11,"minecraft:blast_furnace":3,"minecraft:white_bed":4,"minecraft:smoker":2,"minecraft:apple":11,"minecraft:bread":17,"minecraft:iron_pickaxe":33,"minecraft:stone_axe":114,"minecraft:cobblestone":2,"minecraft:cooked_porkchop":2,"minecraft:bucket":31,"minecraft:oak_boat":1,"minecraft:experience_bottle":1},"minecraft:mined":{"biomesoplenty:spanish_moss":3,"biomesoplenty:watergrass":4,"minecraft:white_bed":4,"minecraft:mossy_cobblestone":6,"minecraft:oak_door":1,"minecraft:jungle_slab":1,"tconstruct:sky_slime_crystal_block":1,"minecraft:mangrove_roots":1,"minecraft:grass_block":64,"minecraft:coal_block":4,"tconstruct:sky_slime_crystal_cluster":1,"minecraft:spawner":2,"minecraft:hay_block":7,"minecraft:tall_seagrass":1,"minecraft:raw_iron_block":4,"minecraft:furnace":8,"biomesoplenty:toadstool":1,"minecraft:fire":1,"minecraft:moss_carpet":1,"minecraft:bookshelf":30,"minecraft:vine":1,"minecraft:stone":41,"minecraft:iron_block":24,"minecraft:white_wool":14,"minecraft:smoker":1,"minecraft:crafting_table":6,"minecraft:blast_furnace":3,"minecraft:chest":3,"minecraft:lectern":2,"minecraft:copper_ore":2,"minecraft:tall_grass":9,"minecraft:cobblestone":1,"biomesoplenty:willow_log":1,"minecraft:sugar_cane":29,"minecraft:oak_planks":10,"minecraft:wall_torch":2,"minecraft:seagrass":1,"biomesoplenty:spanish_moss_plant":1,"minecraft:birch_log":69,"minecraft:birch_leaves":2,"biomesoplenty:fir_log":1,"minecraft:mangrove_leaves":1,"minecraft:grass":36,"minecraft:oak_log":121,"minecraft:coal_ore":41,"minecraft:dirt":3,"minecraft:loom":1,"minecraft:cobweb":27,"minecraft:oak_leaves":38,"minecraft:fern":1},"minecraft:picked_up":{"minecraft:wooden_axe":1,"minecraft:crafting_table":8,"minecraft:lead":2,"minecraft:chicken":2,"tconstruct:materials_and_you":1,"minecraft:wooden_pickaxe":3,"minecraft:enchanted_book":2,"minecraft:string":39,"minecraft:raw_copper":5,"minecraft:moss_carpet":2,"biomesoplenty:spanish_moss":5,"minecraft:gold_nugget":6,"minecraft:bucket":1,"minecraft:beef":51,"minecraft:oak_boat":1,"minecraft:poppy":4,"minecraft:iron_pickaxe":1,"minecraft:lectern":2,"minecraft:sugar_cane":42,"minecraft:coal_block":4,"minecraft:chest":3,"minecraft:birch_sapling":5,"minecraft:egg":1,"minecraft:furnace":7,"minecraft:stick":6,"minecraft:torch":5,"minecraft:porkchop":23,"minecraft:dark_oak_planks":20,"tconstruct:sky_slime_crystal":4,"tconstruct:sky_slime_ball":64,"minecraft:arrow":2,"minecraft:rotten_flesh":3,"minecraft:hay_block":7,"minecraft:iron_block":17,"minecraft:mangrove_roots":1,"minecraft:mutton":28,"minecraft:white_wool":16,"minecraft:cobblestone":46,"minecraft:birch_log":70,"minecraft:feather":1,"minecraft:cooked_beef":6,"minecraft:leather":23,"minecraft:smoker":2,"minecraft:potato":1,"biomesoplenty:fir_log":1,"minecraft:flint":4,"minecraft:oak_log":122,"minecraft:gunpowder":1,"minecraft:dirt":58,"minecraft:mangrove_fence":2,"minecraft:bone":2,"minecraft:apple":2,"minecraft:wheat_seeds":7,"minecraft:iron_ingot":51,"minecraft:oak_planks":38,"biomesoplenty:toadstool":1,"minecraft:book":90,"minecraft:raw_iron_block":4,"minecraft:blast_furnace":3,"minecraft:white_bed":5,"minecraft:loom":1,"minecraft:spider_eye":1,"minecraft:mossy_cobblestone":3,"biomesoplenty:willow_log":1,"minecraft:oak_sapling":6,"minecraft:black_wool":1,"minecraft:coal":119},"minecraft:crafted":{"minecraft:oak_planks":84,"minecraft:oak_sign":3,"minecraft:raw_iron":18,"minecraft:cooked_chicken":1,"minecraft:furnace":4,"minecraft:cooked_mutton":28,"minecraft:iron_boots":1,"minecraft:iron_axe":1,"minecraft:iron_hoe":1,"minecraft:stone_pickaxe":1,"minecraft:chest":2,"minecraft:dark_oak_planks":20,"minecraft:wheat":63,"minecraft:cooked_beef":18,"minecraft:cooked_porkchop":7,"minecraft:crafting_table":5,"minecraft:wooden_pickaxe":1,"minecraft:iron_sword":1,"minecraft:fletching_table":1,"minecraft:bucket":4,"biomesoplenty:willow_planks":4,"minecraft:stone_axe":2,"minecraft:bread":21,"minecraft:air":0,"biomesoplenty:fir_planks":4,"minecraft:oak_boat":1,"minecraft:iron_chestplate":1,"minecraft:charcoal":1,"minecraft:shield":1,"minecraft:stick":20,"minecraft:iron_ingot":217,"minecraft:iron_pickaxe":1,"minecraft:iron_block":25,"minecraft:iron_shovel":1,"minecraft:iron_leggings":1,"minecraft:white_bed":1},"minecraft:custom":{"minecraft:mob_kills":47,"minecraft:inspect_hopper":3,"minecraft:interact_with_crafting_table":30,"minecraft:leave_game":2,"minecraft:time_since_death":126816,"minecraft:climb_one_cm":13325,"minecraft:sprint_one_cm":574787,"minecraft:walk_one_cm":208034,"minecraft:damage_blocked_by_shield":320,"minecraft:drop":57,"minecraft:talked_to_villager":2,"minecraft:play_time":126816,"minecraft:sneak_time":4459,"minecraft:walk_under_water_one_cm":10996,"minecraft:boat_one_cm":30984,"minecraft:jump":2584,"minecraft:interact_with_blast_furnace":14,"minecraft:walk_on_water_one_cm":34101,"minecraft:total_world_time":126816,"minecraft:interact_with_furnace":25,"minecraft:sleep_in_bed":10,"minecraft:time_since_rest":2768,"minecraft:waystone_activated":1,"minecraft:damage_taken":1067,"minecraft:damage_dealt":5848,"minecraft:swim_one_cm":56090,"minecraft:fly_one_cm":530311,"minecraft:open_chest":79,"minecraft:crouch_one_cm":11351,"minecraft:interact_with_smoker":4,"minecraft:fall_one_cm":68260},"minecraft:broken":{"minecraft:stone_axe":1},"minecraft:killed":{"minecraft:cave_spider":3,"minecraft:spider":3,"minecraft:skeleton":1,"minecraft:chicken":2,"minecraft:pig":10,"minecraft:salmon":1,"minecraft:creeper":1,"minecraft:sheep":6,"minecraft:trader_llama":2,"minecraft:pillager":2,"minecraft:zombie":1,"minecraft:cow":16},"minecraft:dropped":{"minecraft:enchanted_book":1,"minecraft:bread":19,"minecraft:iron_ingot":3,"minecraft:porkchop":2,"minecraft:wheat_seeds":7,"minecraft:crafting_table":1,"minecraft:feather":1,"minecraft:iron_helmet":1,"minecraft:cobblestone":1,"minecraft:stick":3,"minecraft:dirt":1,"tconstruct:materials_and_you":1,"biomesoplenty:spanish_moss":4,"minecraft:gold_nugget":8,"minecraft:raw_iron_block":2,"tconstruct:sky_slime_ball":64,"minecraft:glistering_melon_slice":9,"minecraft:string":2,"minecraft:dark_oak_planks":20,"minecraft:bone":2,"biomesoplenty:toadstool":1,"minecraft:stone_axe":1,"minecraft:iron_nugget":6,"minecraft:chicken":1,"minecraft:rotten_flesh":3,"minecraft:cooked_mutton":14,"minecraft:white_bed":1,"minecraft:carrot":1,"minecraft:mangrove_fence":1,"minecraft:poppy":4,"minecraft:gunpowder":1,"minecraft:chest":1,"minecraft:spider_eye":1,"minecraft:arrow":2,"minecraft:stone_pickaxe":1,"minecraft:wooden_pickaxe":2}},"DataVersion":3120}