{"stats":{"minecraft:killed":{"twilightforest:boar":1,"minecraft:cave_spider":16,"minecraft:spider":6,"minecraft:skeleton":11,"minecraft:chicken":2,"minecraft:pig":10,"minecraft:salmon":1,"minecraft:creeper":1,"twilightforest:skeleton_druid":2,"minecraft:sheep":6,"minecraft:trader_llama":4,"minecraft:pillager":2,"minecraft:zombie":14,"minecraft:cow":22,"twilightforest:deer":1,"twilightforest:dwarf_rabbit":1,"minecraft:phantom":4,"twilightforest:swarm_spider":1,"twilightforest:hedge_spider":4,"twilightforest:bighorn_sheep":1,"minecraft:enderman":2},"minecraft:dropped":{"minecraft:iron_sword":1,"minecraft:porkchop":2,"minecraft:loom":1,"minecraft:diamond":1,"minecraft:crafting_table":1,"minecraft:cooked_porkchop":13,"minecraft:dirt":2,"tconstruct:materials_and_you":1,"biomesoplenty:spanish_moss":4,"minecraft:gold_nugget":8,"tconstruct:sky_slime_ball":64,"minecraft:glistering_melon_slice":9,"minecraft:iron_pickaxe":1,"minecraft:dark_oak_planks":20,"minecraft:gold_ingot":1,"minecraft:bone":2,"minecraft:gravel":3,"biomesoplenty:toadstool":1,"minecraft:stone_axe":1,"minecraft:iron_nugget":6,"minecraft:rotten_flesh":7,"minecraft:cooked_mutton":15,"minecraft:white_bed":1,"twilightforest:torchberries":1,"minecraft:carrot":1,"minecraft:mangrove_fence":1,"minecraft:poppy":4,"minecraft:gunpowder":1,"tconstruct:seared_heater":1,"minecraft:chest":1,"minecraft:arrow":5,"minecraft:enchanted_book":1,"minecraft:iron_ingot":3,"minecraft:bread":37,"minecraft:oak_slab":1,"minecraft:wheat_seeds":9,"twilightforest:canopy_sapling":1,"minecraft:poisonous_potato":3,"minecraft:feather":1,"minecraft:iron_helmet":1,"minecraft:cobblestone":1,"minecraft:apple":11,"minecraft:copper_ingot":5,"minecraft:coal":17,"minecraft:stick":5,"minecraft:diorite":6,"minecraft:torch":1,"minecraft:brown_wool":1,"minecraft:oak_stairs":1,"minecraft:iron_axe":2,"minecraft:raw_iron_block":2,"minecraft:iron_shovel":2,"minecraft:string":10,"minecraft:spruce_sapling":1,"minecraft:raw_copper":4,"minecraft:chicken":1,"minecraft:spider_eye":1,"minecraft:stone_pickaxe":1,"minecraft:wooden_pickaxe":2},"minecraft:custom":{"minecraft:interact_with_crafting_table":45,"minecraft:open_barrel":3,"minecraft:leave_game":10,"minecraft:time_since_death":299906,"minecraft:sprint_one_cm":1255865,"minecraft:damage_blocked_by_shield":1730,"minecraft:drop":105,"minecraft:talked_to_villager":4,"minecraft:play_time":299906,"minecraft:jump":6699,"minecraft:walk_on_water_one_cm":74045,"minecraft:interact_with_furnace":56,"minecraft:sleep_in_bed":14,"minecraft:waystone_activated":3,"minecraft:damage_dealt":17207,"minecraft:crouch_one_cm":25581,"minecraft:interact_with_smoker":39,"minecraft:interact_with_smithing_table":1,"minecraft:mob_kills":109,"minecraft:inspect_hopper":7,"minecraft:climb_one_cm":16653,"minecraft:walk_one_cm":466394,"minecraft:sneak_time":10676,"minecraft:walk_under_water_one_cm":45377,"minecraft:boat_one_cm":30984,"minecraft:interact_with_blast_furnace":27,"minecraft:total_world_time":299906,"minecraft:interact_with_grindstone":1,"minecraft:time_since_rest":129749,"minecraft:damage_taken":5074,"minecraft:swim_one_cm":158458,"minecraft:fly_one_cm":1347846,"minecraft:open_chest":230,"minecraft:fall_one_cm":175470},"minecraft:used":{"minecraft:moss_carpet":1,"minecraft:iron_shovel":185,"minecraft:oak_sign":1,"minecraft:chest":8,"minecraft:shield":36,"minecraft:iron_sword":334,"twilightforest:canopy_sapling":1,"minecraft:carrot":14,"minecraft:tuff":4,"tconstruct:earth_slime_crystal_block":2,"minecraft:lava_bucket":10,"minecraft:bow":6,"minecraft:mangrove_roots":1,"minecraft:furnace":11,"minecraft:egg":1,"minecraft:potato":154,"minecraft:stone_pickaxe":93,"biomesoplenty:willow_planks":4,"minecraft:oak_planks":55,"minecraft:wooden_pickaxe":14,"biomesoplenty:fir_planks":4,"minecraft:sugar_cane":18,"minecraft:white_wool":2,"minecraft:sand":1,"minecraft:blast_furnace":3,"minecraft:bread":63,"twilightforest:mushgloom":1,"minecraft:gravel":3,"twilightforest:mossy_nagastone_pillar":3,"minecraft:grindstone":1,"minecraft:andesite":7,"minecraft:oak_boat":1,"minecraft:bone_meal":3,"minecraft:experience_bottle":1,"twilightforest:canopy_planks":4,"minecraft:mangrove_fence":1,"minecraft:cooked_chicken":1,"minecraft:oak_door":1,"minecraft:torch":103,"minecraft:dirt":62,"minecraft:iron_hoe":81,"minecraft:dark_oak_planks":14,"minecraft:iron_axe":256,"ironchest:gold_chest":1,"biomesoplenty:spanish_moss":1,"minecraft:cooked_beef":23,"minecraft:cobbled_deepslate":20,"minecraft:iron_leggings":1,"minecraft:cooked_mutton":14,"minecraft:water_bucket":72,"minecraft:baked_potato":10,"minecraft:oak_slab":1,"minecraft:crafting_table":12,"minecraft:white_bed":8,"minecraft:smoker":7,"minecraft:apple":11,"minecraft:iron_pickaxe":334,"twilightforest:firefly_jar":1,"minecraft:stone_axe":114,"minecraft:cobblestone":41,"minecraft:cooked_porkchop":2,"minecraft:bucket":83,"twilightforest:cicada":1},"minecraft:mined":{"biomesoplenty:spanish_moss":3,"minecraft:spruce_planks":2,"minecraft:white_bed":8,"minecraft:jungle_slab":1,"tconstruct:sky_slime_crystal_block":1,"minecraft:granite":11,"minecraft:grass_block":66,"minecraft:coal_block":4,"minecraft:hopper":1,"minecraft:spawner":6,"minecraft:tall_seagrass":1,"minecraft:raw_iron_block":4,"minecraft:iron_ore":7,"minecraft:cobbled_deepslate":1,"minecraft:fire":1,"minecraft:moss_carpet":1,"minecraft:fletching_table":1,"minecraft:deepslate_lapis_ore":15,"minecraft:oak_stairs":1,"biomesoplenty:webbing":6,"minecraft:iron_block":24,"minecraft:smoker":1,"biomesoplenty:hanging_cobweb_strand":2,"twilightforest:liveroot_block":2,"minecraft:torch":1,"minecraft:blast_furnace":6,"minecraft:chest":3,"minecraft:white_stained_glass_pane":2,"minecraft:cobblestone":5,"minecraft:sugar_cane":34,"minecraft:grindstone":1,"minecraft:oak_planks":14,"minecraft:wall_torch":3,"minecraft:deepslate_copper_ore":7,"minecraft:seagrass":1,"biomesoplenty:spanish_moss_plant":1,"twilightforest:cicada":1,"minecraft:birch_log":69,"twilightforest:root":5,"biomesoplenty:fir_log":1,"minecraft:grass":79,"minecraft:oak_log":121,"minecraft:loom":1,"minecraft:sand":129,"minecraft:dirt":6,"twilightforest:canopy_log":1,"minecraft:oak_leaves":46,"minecraft:deepslate":45,"twilightforest:firefly":1,"minecraft:light_blue_stained_glass_pane":2,"minecraft:tuff":3,"biomesoplenty:watergrass":4,"minecraft:mossy_cobblestone":6,"minecraft:deepslate_diamond_ore":15,"minecraft:oak_door":2,"minecraft:mangrove_roots":1,"tconstruct:earth_slime_crystal_block":2,"minecraft:spruce_leaves":1,"biomesoplenty:dead_grass":1,"tconstruct:sky_slime_crystal_cluster":1,"minecraft:hay_block":11,"twilightforest:mushgloom":1,"minecraft:furnace":13,"minecraft:carrots":18,"biomesoplenty:toadstool":1,"minecraft:andesite":10,"minecraft:gold_block":1,"minecraft:bookshelf":46,"minecraft:potatoes":72,"twilightforest:firefly_jar":1,"minecraft:deepslate_iron_ore":1,"minecraft:vine":2,"biomesoplenty:spider_egg":3,"minecraft:stone":107,"minecraft:white_wool":14,"minecraft:smithing_table":1,"minecraft:oak_slab":2,"minecraft:dandelion":1,"minecraft:crafting_table":7,"minecraft:lectern":2,"minecraft:tall_grass":10,"minecraft:copper_ore":2,"minecraft:deepslate_coal_ore":5,"minecraft:deepslate_gold_ore":44,"biomesoplenty:willow_log":1,"twilightforest:mayapple":2,"minecraft:diorite":7,"minecraft:birch_leaves":3,"minecraft:mangrove_leaves":1,"minecraft:coal_ore":66,"minecraft:gravel":10,"biomesoplenty:stringy_cobweb":1,"minecraft:cobweb":33,"minecraft:fern":3},"minecraft:picked_up":{"minecraft:wooden_axe":1,"minecraft:wheat":1,"minecraft:smithing_table":1,"minecraft:lead":4,"minecraft:oak_stairs":1,"minecraft:enchanted_book":2,"minecraft:string":72,"minecraft:raw_copper":28,"minecraft:smooth_stone_slab":3,"minecraft:gold_nugget":6,"minecraft:cobbled_deepslate":44,"minecraft:bucket":1,"minecraft:cobblestone_slab":1,"minecraft:iron_pickaxe":1,"minecraft:coal_block":4,"twilightforest:firefly_jar":1,"minecraft:furnace":12,"minecraft:stick":41,"minecraft:torch":23,"minecraft:porkchop":27,"minecraft:diorite":6,"tconstruct:sky_slime_crystal":4,"minecraft:rotten_flesh":11,"minecraft:iron_block":17,"tconstruct:earth_slime_crystal_block":2,"minecraft:mangrove_roots":1,"minecraft:cobblestone":103,"minecraft:birch_log":70,"minecraft:feather":1,"minecraft:cooked_beef":6,"minecraft:andesite":11,"minecraft:brown_wool":3,"minecraft:smoker":2,"minecraft:potato":262,"biomesoplenty:fir_log":1,"minecraft:flint":4,"minecraft:tuff":5,"twilightforest:mossy_nagastone_pillar":3,"minecraft:lapis_lazuli":106,"minecraft:dirt":76,"twilightforest:canopy_sapling":2,"minecraft:mangrove_fence":2,"minecraft:glass":15,"minecraft:bone":11,"minecraft:bow":2,"minecraft:wheat_seeds":10,"minecraft:raw_gold":43,"minecraft:grindstone":1,"minecraft:fletching_table":1,"minecraft:oak_planks":44,"twilightforest:mushgloom":1,"biomesoplenty:toadstool":1,"minecraft:poisonous_potato":4,"minecraft:sand":129,"twilightforest:canopy_log":1,"minecraft:loom":1,"minecraft:grass_block":1,"minecraft:mossy_cobblestone":3,"biomesoplenty:willow_log":1,"minecraft:diamond":16,"minecraft:granite":11,"minecraft:oak_sapling":6,"twilightforest:torchberries":4,"minecraft:crafting_table":10,"minecraft:chicken":2,"tconstruct:materials_and_you":2,"minecraft:wooden_pickaxe":3,"minecraft:gold_block":1,"minecraft:iron_axe":1,"minecraft:moss_carpet":2,"minecraft:iron_shovel":1,"biomesoplenty:spanish_moss":5,"minecraft:beef":54,"minecraft:oak_boat":1,"minecraft:poppy":4,"minecraft:lectern":2,"minecraft:sugar_cane":53,"minecraft:chest":3,"minecraft:birch_sapling":5,"minecraft:egg":1,"minecraft:raw_iron":9,"minecraft:oak_door":1,"minecraft:copper_ingot":3,"minecraft:carrot":62,"twilightforest:firefly":1,"minecraft:dark_oak_planks":20,"tconstruct:sky_slime_ball":64,"minecraft:arrow":10,"twilightforest:cicada":1,"minecraft:golden_hoe":1,"minecraft:hay_block":11,"minecraft:mutton":34,"minecraft:white_wool":17,"minecraft:leather":31,"minecraft:oak_log":122,"minecraft:gunpowder":1,"twilightforest:liveroot":2,"minecraft:cooked_mutton":1,"twilightforest:raw_venison":2,"minecraft:apple":2,"minecraft:rabbit_hide":1,"minecraft:iron_ingot":51,"minecraft:iron_sword":2,"minecraft:book":138,"minecraft:oak_slab":2,"twilightforest:nagastone_pillar":3,"minecraft:raw_iron_block":4,"minecraft:gravel":6,"minecraft:spruce_sapling":1,"minecraft:blast_furnace":6,"minecraft:white_bed":9,"minecraft:spider_eye":7,"minecraft:black_wool":1,"minecraft:hopper":1,"minecraft:coal":149},"minecraft:broken":{"minecraft:stone_axe":1,"minecraft:iron_helmet":1},"minecraft:crafted":{"minecraft:oak_planks":148,"minecraft:oak_sign":3,"minecraft:cooked_chicken":1,"minecraft:cooked_mutton":28,"minecraft:iron_boots":1,"minecraft:chest":3,"minecraft:smoker":5,"minecraft:cooked_porkchop":21,"minecraft:crafting_table":5,"minecraft:wooden_pickaxe":1,"minecraft:copper_ingot":24,"minecraft:fletching_table":1,"biomesoplenty:fir_planks":4,"minecraft:iron_chestplate":1,"minecraft:charcoal":1,"minecraft:shield":1,"minecraft:stick":24,"minecraft:iron_ingot":226,"minecraft:iron_pickaxe":1,"minecraft:iron_block":25,"minecraft:gold_ingot":41,"minecraft:oak_door":3,"minecraft:raw_iron":18,"minecraft:furnace":4,"minecraft:bone_meal":3,"minecraft:iron_axe":2,"minecraft:iron_hoe":1,"minecraft:stone_pickaxe":1,"twilightforest:canopy_planks":4,"minecraft:dark_oak_planks":20,"minecraft:wheat":99,"minecraft:cooked_beef":25,"minecraft:coal_block":21,"ironchest:gold_chest":1,"minecraft:iron_sword":2,"ironchest:copper_chest":1,"minecraft:bucket":4,"biomesoplenty:willow_planks":4,"minecraft:stone_axe":2,"minecraft:bread":33,"minecraft:air":0,"minecraft:oak_boat":1,"minecraft:iron_shovel":1,"minecraft:iron_leggings":1,"minecraft:white_bed":1,"minecraft:torch":88,"ironchest:iron_chest":1}},"DataVersion":3120}