{"stats":{"minecraft:used":{"minecraft:moss_carpet":1,"minecraft:oak_sign":1,"minecraft:chest":4,"minecraft:shield":2,"minecraft:iron_sword":56,"minecraft:mangrove_fence":1,"minecraft:cooked_chicken":1,"minecraft:torch":4,"minecraft:carrot":14,"minecraft:dark_oak_planks":14,"minecraft:iron_axe":36,"minecraft:mangrove_roots":1,"minecraft:furnace":11,"biomesoplenty:spanish_moss":1,"minecraft:cooked_beef":7,"minecraft:potato":1,"minecraft:iron_leggings":1,"minecraft:water_bucket":7,"minecraft:stone_pickaxe":93,"biomesoplenty:willow_planks":4,"minecraft:oak_planks":15,"minecraft:wooden_pickaxe":14,"minecraft:white_wool":2,"minecraft:crafting_table":11,"minecraft:blast_furnace":2,"minecraft:white_bed":4,"minecraft:smoker":2,"minecraft:apple":11,"minecraft:bread":7,"minecraft:iron_pickaxe":7,"minecraft:stone_axe":114,"minecraft:cobblestone":2,"minecraft:bucket":8,"minecraft:oak_boat":1,"minecraft:experience_bottle":1},"minecraft:mined":{"biomesoplenty:spanish_moss":3,"biomesoplenty:watergrass":4,"minecraft:white_bed":4,"minecraft:mossy_cobblestone":1,"minecraft:jungle_slab":1,"tconstruct:sky_slime_crystal_block":1,"minecraft:mangrove_roots":1,"minecraft:grass_block":1,"minecraft:coal_block":4,"tconstruct:sky_slime_crystal_cluster":1,"minecraft:spawner":2,"minecraft:hay_block":7,"minecraft:tall_seagrass":1,"minecraft:raw_iron_block":4,"minecraft:furnace":8,"minecraft:moss_carpet":1,"minecraft:bookshelf":30,"minecraft:vine":1,"minecraft:stone":37,"minecraft:iron_block":24,"minecraft:white_wool":14,"minecraft:smoker":1,"minecraft:crafting_table":6,"minecraft:blast_furnace":2,"minecraft:chest":3,"minecraft:lectern":2,"minecraft:tall_grass":9,"minecraft:cobblestone":1,"biomesoplenty:willow_log":1,"minecraft:sugar_cane":11,"minecraft:oak_planks":10,"minecraft:wall_torch":2,"minecraft:seagrass":1,"biomesoplenty:spanish_moss_plant":1,"minecraft:birch_leaves":2,"minecraft:mangrove_leaves":1,"minecraft:grass":14,"minecraft:oak_log":29,"minecraft:coal_ore":27,"minecraft:cobweb":27,"minecraft:oak_leaves":17,"minecraft:fern":1},"minecraft:picked_up":{"minecraft:wooden_axe":1,"minecraft:crafting_table":8,"minecraft:chicken":2,"tconstruct:materials_and_you":1,"minecraft:wooden_pickaxe":3,"minecraft:enchanted_book":2,"minecraft:string":39,"minecraft:moss_carpet":2,"biomesoplenty:spanish_moss":5,"minecraft:gold_nugget":6,"minecraft:beef":44,"minecraft:oak_boat":1,"minecraft:poppy":4,"minecraft:lectern":2,"minecraft:sugar_cane":25,"minecraft:coal_block":4,"minecraft:chest":3,"minecraft:furnace":7,"minecraft:torch":4,"minecraft:porkchop":23,"minecraft:dark_oak_planks":20,"tconstruct:sky_slime_crystal":4,"tconstruct:sky_slime_ball":64,"minecraft:arrow":2,"minecraft:rotten_flesh":3,"minecraft:hay_block":7,"minecraft:iron_block":17,"minecraft:mangrove_roots":1,"minecraft:mutton":28,"minecraft:white_wool":16,"minecraft:cobblestone":44,"minecraft:feather":1,"minecraft:cooked_beef":6,"minecraft:leather":20,"minecraft:smoker":2,"minecraft:oak_log":31,"minecraft:gunpowder":1,"minecraft:dirt":1,"minecraft:mangrove_fence":2,"minecraft:bone":2,"minecraft:wheat_seeds":3,"minecraft:iron_ingot":51,"minecraft:oak_planks":37,"minecraft:book":90,"minecraft:raw_iron_block":4,"minecraft:blast_furnace":2,"minecraft:white_bed":5,"minecraft:spider_eye":1,"minecraft:mossy_cobblestone":1,"biomesoplenty:willow_log":1,"minecraft:black_wool":1,"minecraft:coal":90},"minecraft:crafted":{"minecraft:oak_planks":84,"minecraft:oak_sign":3,"minecraft:raw_iron":18,"minecraft:cooked_chicken":1,"minecraft:furnace":4,"minecraft:cooked_mutton":13,"minecraft:iron_boots":1,"minecraft:iron_axe":1,"minecraft:stone_pickaxe":1,"minecraft:chest":2,"minecraft:dark_oak_planks":20,"minecraft:wheat":63,"minecraft:cooked_beef":18,"minecraft:cooked_porkchop":7,"minecraft:crafting_table":5,"minecraft:wooden_pickaxe":1,"minecraft:iron_sword":1,"minecraft:bucket":1,"biomesoplenty:willow_planks":4,"minecraft:stone_axe":2,"minecraft:bread":21,"minecraft:air":0,"minecraft:oak_boat":1,"minecraft:iron_chestplate":1,"minecraft:charcoal":1,"minecraft:shield":1,"minecraft:stick":20,"minecraft:iron_ingot":37,"minecraft:iron_pickaxe":1,"minecraft:iron_leggings":1,"minecraft:white_bed":1},"minecraft:custom":{"minecraft:mob_kills":41,"minecraft:inspect_hopper":3,"minecraft:interact_with_crafting_table":25,"minecraft:leave_game":2,"minecraft:time_since_death":84816,"minecraft:climb_one_cm":13325,"minecraft:sprint_one_cm":356077,"minecraft:walk_one_cm":117963,"minecraft:damage_blocked_by_shield":80,"minecraft:drop":50,"minecraft:talked_to_villager":1,"minecraft:play_time":84816,"minecraft:sneak_time":2930,"minecraft:walk_under_water_one_cm":9612,"minecraft:boat_one_cm":30984,"minecraft:jump":1845,"minecraft:interact_with_blast_furnace":11,"minecraft:walk_on_water_one_cm":31525,"minecraft:total_world_time":84816,"minecraft:interact_with_furnace":22,"minecraft:sleep_in_bed":7,"minecraft:time_since_rest":4005,"minecraft:waystone_activated":1,"minecraft:damage_taken":847,"minecraft:damage_dealt":4817,"minecraft:swim_one_cm":39336,"minecraft:fly_one_cm":367623,"minecraft:open_chest":51,"minecraft:crouch_one_cm":6765,"minecraft:interact_with_smoker":3,"minecraft:fall_one_cm":49751},"minecraft:broken":{"minecraft:stone_axe":1},"minecraft:killed":{"minecraft:cave_spider":3,"minecraft:spider":3,"minecraft:skeleton":1,"minecraft:chicken":2,"minecraft:pig":10,"minecraft:salmon":1,"minecraft:creeper":1,"minecraft:sheep":6,"minecraft:pillager":2,"minecraft:zombie":1,"minecraft:cow":12},"minecraft:dropped":{"minecraft:enchanted_book":1,"minecraft:bread":19,"minecraft:iron_ingot":3,"minecraft:porkchop":2,"minecraft:wheat_seeds":3,"minecraft:crafting_table":1,"minecraft:feather":1,"minecraft:iron_helmet":1,"minecraft:stick":3,"minecraft:dirt":1,"tconstruct:materials_and_you":1,"biomesoplenty:spanish_moss":4,"minecraft:gold_nugget":8,"minecraft:raw_iron_block":2,"tconstruct:sky_slime_ball":64,"minecraft:glistering_melon_slice":9,"minecraft:string":2,"minecraft:dark_oak_planks":20,"minecraft:bone":2,"minecraft:stone_axe":1,"minecraft:iron_nugget":6,"minecraft:chicken":1,"minecraft:rotten_flesh":3,"minecraft:white_bed":1,"minecraft:carrot":1,"minecraft:mangrove_fence":1,"minecraft:poppy":4,"minecraft:gunpowder":1,"minecraft:chest":1,"minecraft:spider_eye":1,"minecraft:arrow":2,"minecraft:stone_pickaxe":1,"minecraft:wooden_pickaxe":2}},"DataVersion":3120}