{"stats":{"minecraft:mined":{"minecraft:grass":1,"minecraft:coal_ore":6,"minecraft:grass_block":6,"minecraft:oak_log":12,"minecraft:dirt":35,"minecraft:stone":110,"minecraft:crafting_table":2,"minecraft:oak_leaves":1},"minecraft:custom":{"minecraft:time_since_rest":24340,"minecraft:play_time":24340,"minecraft:sprint_one_cm":3096,"minecraft:walk_one_cm":15296,"minecraft:sneak_time":5,"minecraft:jump":39,"minecraft:leave_game":4,"minecraft:time_since_death":24340,"minecraft:total_world_time":24340,"minecraft:interact_with_crafting_table":3,"minecraft:fall_one_cm":209,"minecraft:fly_one_cm":2222},"minecraft:broken":{"minecraft:stone_pickaxe":1},"minecraft:used":{"minecraft:stone_axe":10,"minecraft:dirt":15,"minecraft:crafting_table":2,"minecraft:stone_pickaxe":132,"minecraft:wooden_pickaxe":21},"minecraft:crafted":{"minecraft:stone_sword":1,"minecraft:oak_planks":24,"minecraft:stone_axe":1,"minecraft:crafting_table":1,"minecraft:stick":12,"minecraft:stone_pickaxe":3,"minecraft:wooden_pickaxe":1},"minecraft:picked_up":{"minecraft:crafting_table":2,"minecraft:oak_log":12,"minecraft:oak_sapling":1,"minecraft:coal":6,"minecraft:dirt":40,"minecraft:cobblestone":108}},"DataVersion":3120}