{"stats":{"minecraft:mined":{"minecraft:grass":1,"minecraft:oak_log":12,"minecraft:grass_block":8,"minecraft:coal_ore":6,"minecraft:gravel":15,"minecraft:dirt":41,"minecraft:stone":215,"minecraft:oak_leaves":1,"minecraft:crafting_table":2},"minecraft:custom":{"minecraft:time_since_rest":35139,"minecraft:play_time":35139,"minecraft:sprint_one_cm":6205,"minecraft:walk_one_cm":31261,"minecraft:sneak_time":71,"minecraft:jump":101,"minecraft:leave_game":4,"minecraft:time_since_death":35139,"minecraft:total_world_time":35139,"minecraft:fly_one_cm":8533,"minecraft:fall_one_cm":1014,"minecraft:interact_with_crafting_table":3,"minecraft:crouch_one_cm":244},"minecraft:broken":{"minecraft:stone_pickaxe":1},"minecraft:used":{"minecraft:torch":1,"minecraft:stone_axe":10,"minecraft:stone_sword":3,"minecraft:dirt":21,"minecraft:cobblestone":1,"minecraft:crafting_table":2,"minecraft:stone_pickaxe":257,"minecraft:wooden_pickaxe":21},"minecraft:crafted":{"minecraft:stone_sword":1,"minecraft:oak_planks":24,"minecraft:torch":4,"minecraft:stone_axe":1,"minecraft:crafting_table":1,"minecraft:stick":12,"minecraft:wooden_pickaxe":1,"minecraft:stone_pickaxe":3},"minecraft:picked_up":{"minecraft:crafting_table":2,"minecraft:gravel":13,"minecraft:flint":2,"minecraft:oak_log":12,"minecraft:oak_sapling":1,"minecraft:coal":6,"minecraft:dirt":48,"minecraft:cobblestone":199}},"DataVersion":3120}