{"stats":{"minecraft:mined":{"minecraft:grass_block":3,"minecraft:oak_log":12,"minecraft:dirt":5,"minecraft:stone":15,"minecraft:crafting_table":1,"minecraft:oak_leaves":1},"minecraft:custom":{"minecraft:time_since_rest":10133,"minecraft:play_time":10133,"minecraft:sprint_one_cm":2640,"minecraft:walk_one_cm":8702,"minecraft:sneak_time":3,"minecraft:jump":19,"minecraft:leave_game":3,"minecraft:time_since_death":10133,"minecraft:total_world_time":10133,"minecraft:interact_with_crafting_table":2,"minecraft:fall_one_cm":209,"minecraft:fly_one_cm":1742},"minecraft:used":{"minecraft:stone_axe":7,"minecraft:dirt":8,"minecraft:crafting_table":1,"minecraft:wooden_pickaxe":21},"minecraft:crafted":{"minecraft:stone_sword":1,"minecraft:oak_planks":24,"minecraft:stone_axe":1,"minecraft:crafting_table":1,"minecraft:stick":8,"minecraft:stone_pickaxe":1,"minecraft:wooden_pickaxe":1},"minecraft:picked_up":{"minecraft:crafting_table":1,"minecraft:oak_log":12,"minecraft:oak_sapling":1,"minecraft:dirt":8,"minecraft:cobblestone":15}},"DataVersion":3120}