{"stats":{"minecraft:killed":{"minecraft:sheep":3,"minecraft:skeleton":1,"minecraft:spider":1},"minecraft:mined":{"biomesoplenty:jacaranda_leaves":5,"biomesoplenty:jacaranda_log":4,"biomesoplenty:cherry_log":12,"biomesoplenty:white_cherry_leaves":20,"minecraft:lily_of_the_valley":1,"biomesoplenty:pink_daffodil":1,"biomesoplenty:lavender":2,"minecraft:crafting_table":3,"biomesoplenty:clover":1,"biomesoplenty:pink_cherry_leaves":14,"minecraft:grass":5,"minecraft:coal_ore":6,"minecraft:grass_block":10,"minecraft:oak_log":12,"minecraft:gravel":15,"minecraft:dirt":49,"minecraft:stone":246,"minecraft:oak_leaves":1},"minecraft:custom":{"minecraft:time_since_rest":53139,"minecraft:sprint_one_cm":11684,"minecraft:damage_taken":80,"minecraft:walk_one_cm":71042,"minecraft:mob_kills":5,"minecraft:damage_dealt":450,"minecraft:swim_one_cm":2924,"minecraft:interact_with_crafting_table":4,"minecraft:fly_one_cm":9953,"minecraft:crouch_one_cm":244,"minecraft:play_time":53139,"minecraft:sneak_time":71,"minecraft:walk_under_water_one_cm":2723,"minecraft:boat_one_cm":79045,"minecraft:jump":155,"minecraft:walk_on_water_one_cm":1060,"minecraft:leave_game":4,"minecraft:time_since_death":53139,"minecraft:total_world_time":53139,"minecraft:fall_one_cm":1281},"minecraft:broken":{"minecraft:stone_pickaxe":2},"minecraft:used":{"minecraft:stone_sword":14,"minecraft:stone_pickaxe":291,"minecraft:wooden_pickaxe":21,"minecraft:stone_axe":78,"minecraft:torch":2,"minecraft:dirt":30,"minecraft:cobblestone":3,"minecraft:crafting_table":3,"minecraft:oak_boat":1},"minecraft:crafted":{"minecraft:oak_boat":1,"minecraft:oak_planks":32,"minecraft:crafting_table":1,"minecraft:stick":12,"minecraft:wooden_pickaxe":1,"minecraft:stone_pickaxe":3,"minecraft:stone_sword":1,"minecraft:torch":4,"minecraft:stone_axe":1},"minecraft:picked_up":{"biomesoplenty:lavender":2,"minecraft:stick":1,"minecraft:crafting_table":3,"minecraft:gravel":13,"biomesoplenty:jacaranda_sapling":1,"minecraft:flint":2,"minecraft:oak_log":12,"biomesoplenty:white_cherry_sapling":1,"minecraft:lily_of_the_valley":1,"minecraft:string":2,"minecraft:dirt":57,"minecraft:arrow":2,"minecraft:bone":1,"biomesoplenty:jacaranda_log":4,"minecraft:oak_boat":1,"biomesoplenty:pink_daffodil":1,"minecraft:oak_sapling":1,"minecraft:black_wool":1,"minecraft:mutton":6,"biomesoplenty:cherry_log":12,"minecraft:coal":6,"minecraft:white_wool":2,"minecraft:cobblestone":236}},"DataVersion":3120}